Title,Date,Score
Tom Clancy's The Division 2 (PS4),"Mar 15, 2019",tbd
Tom Clancy's The Division 2 (PC),"Mar 15, 2019",tbd
Tom Clancy's The Division 2 (XONE),"Mar 12, 2019",tbd
Trials Rising (PS4),"Feb 12, 2019",tbd
Trials Rising (XONE),"Feb 12, 2019",tbd
Trials Rising (Switch),"Feb 12, 2019",tbd
Trials Rising (PC),"Feb 12, 2019",tbd
Assassin's Creed Rebellion (iOS),"Nov 21, 2018",tbd
The Settlers History Collection (PC),"Nov 15, 2018",tbd
Valiant Hearts: The Great War (Switch),"Nov 8, 2018",tbd
Brawlhalla (XONE),"Nov 6, 2018",tbd
Brawlhalla (Switch),"Nov 6, 2018",tbd
Sports Party (Switch),"Oct 30, 2018",tbd
America's Greatest Game Shows: Wheel of Fortune & Jeopardy! (Switch),"Oct 30, 2018",tbd
Steep: The X Games Pass (PS4),"Oct 30, 2018",tbd
Steep: The X Games Pass (XONE),"Oct 30, 2018",tbd
Steep: The X Games Pass (PC),"Oct 30, 2018",tbd
Hasbro Game Night for Nintendo Switch (Switch),"Oct 30, 2018",tbd
RISK Global Domination (Switch),"Oct 30, 2018",tbd
TRIVIAL PURSUIT Live! (Switch),"Oct 30, 2018",tbd
Jeopardy! (Switch),"Oct 30, 2018",tbd
Wheel of Fortune (Switch),"Oct 30, 2018",tbd
Just Dance 2019 (PS4),"Oct 23, 2018",tbd
Just Dance 2019 (XONE),"Oct 23, 2018",tbd
Just Dance 2019 (WIIU),"Oct 23, 2018",tbd
Just Dance 2019 (WII),"Oct 23, 2018",tbd
Just Dance 2019 (X360),"Oct 23, 2018",tbd
Just Dance 2019 (Switch),"Oct 23, 2018",tbd
Starlink: Battle for Atlas (PS4),"Oct 16, 2018",5.2
Starlink: Battle for Atlas (XONE),"Oct 16, 2018",6.3
Starlink: Battle for Atlas (Switch),"Oct 16, 2018",7.9
For Honor: Marching Fire Edition (PS4),"Oct 16, 2018",4.4
For Honor: Marching Fire Edition (XONE),"Oct 16, 2018",tbd
For Honor: Marching Fire (PS4),"Oct 16, 2018",6.3
For Honor: Marching Fire (XONE),"Oct 16, 2018",tbd
Child of Light (Switch),"Oct 11, 2018",7.9
Assassin's Creed Odyssey (PS4),"Oct 2, 2018",5.6
Assassin's Creed Odyssey (XONE),"Oct 2, 2018",4.9
Assassin's Creed Odyssey (PC),"Oct 2, 2018",4.9
The Crew 2: Gator Rush (PS4),"Sep 26, 2018",tbd
The Crew 2: Gator Rush (XONE),"Sep 26, 2018",tbd
The Crew 2: Gator Rush (PC),"Sep 26, 2018",tbd
South Park: The Stick of Truth (Switch),"Sep 25, 2018",8.1
Transference (PC),"Sep 18, 2018",6.8
Transference (PS4),"Sep 18, 2018",4.8
Transference (XONE),"Sep 18, 2018",5.6
Legendary Fishing (Switch),"Sep 18, 2018",tbd
Legendary Fishing (PS4),"Sep 18, 2018",tbd
Hungry Dragon (iOS),"Aug 30, 2018",tbd
Far Cry 5: Dead Living Zombies (PS4),"Aug 28, 2018",3.4
Far Cry 5: Dead Living Zombies (PC),"Aug 28, 2018",1.6
Far Cry 5: Dead Living Zombies (XONE),"Aug 28, 2018",1.5
South Park: The Fractured But Whole - Bring the Crunch (PS4),"Jul 31, 2018",5.2
South Park: The Fractured But Whole - Bring the Crunch (XONE),"Jul 31, 2018",tbd
South Park: The Fractured But Whole - Bring the Crunch (PC),"Jul 31, 2018",tbd
South Park: The Fractured But Whole - Bring the Crunch (Switch),"Jul 31, 2018",tbd
Star Trek: Bridge Crew The Next Generation (PC),"Jul 21, 2018",tbd
Far Cry 5: Lost on Mars (XONE),"Jul 17, 2018",3.4
Far Cry 5: Lost on Mars (PC),"Jul 17, 2018",2.8
Far Cry 5: Lost on Mars (PS4),"Jul 17, 2018",5.4
Hungry Shark World (Switch),"Jul 17, 2018",6.0
Hungry Shark World (XONE),"Jul 17, 2018",tbd
Hungry Shark World (PS4),"Jul 17, 2018",tbd
The Crew 2 (PS4),"Jun 26, 2018",4.9
The Crew 2 (XONE),"Jun 26, 2018",5.1
The Crew 2 (PC),"Jun 26, 2018",4.8
Far Cry 3: Classic Edition (PS4),"Jun 26, 2018",5.8
Far Cry 3: Classic Edition (XONE),"Jun 26, 2018",5.4
Mario + Rabbids: Kingdom Battle - Donkey Kong Adventure (Switch),"Jun 26, 2018",7.8
Far Cry 5: Hours of Darkness (PS4),"Jun 5, 2018",4.7
Far Cry 5: Hours of Darkness (PC),"Jun 5, 2018",4.3
Far Cry 5: Hours of Darkness (XONE),"Jun 5, 2018",5.1
Might & Magic Elemental Guardians (iOS),"May 31, 2018",tbd
Star Trek: Bridge Crew The Next Generation (PS4),"May 22, 2018",tbd
South Park: The Fractured But Whole (Switch),"Apr 24, 2018",7.6
South Park: The Fractured But Whole - Danger Deck (Switch),"Apr 24, 2018",tbd
South Park: The Fractured But Whole - From Dusk till Casa Bonita (Switch),"Apr 24, 2018",tbd
Far Cry 5 (PS4),"Mar 27, 2018",6.8
Far Cry 5 (XONE),"Mar 27, 2018",6.8
Far Cry 5 (PC),"Mar 27, 2018",5.9
South Park: The Fractured But Whole - From Dusk till Casa Bonita (PS4),"Mar 20, 2018",4.7
South Park: The Fractured But Whole - From Dusk till Casa Bonita (XONE),"Mar 20, 2018",tbd
South Park: The Fractured But Whole - From Dusk till Casa Bonita (PC),"Mar 20, 2018",tbd
Assassin's Creed Rogue Remastered (XONE),"Mar 20, 2018",6.6
Assassin's Creed Rogue Remastered (PS4),"Mar 20, 2018",5.9
Assassin's Creed Origins: The Curse of the Pharaohs (XONE),"Mar 13, 2018",6.8
Assassin's Creed Origins: The Curse of the Pharaohs (PC),"Mar 13, 2018",6.1
Assassin's Creed Origins: The Curse of the Pharaohs (PS4),"Mar 13, 2018",7.7
Discovery Tour by Assassin's Creed: Ancient Egypt (PC),"Feb 20, 2018",tbd
Discovery Tour by Assassin's Creed: Ancient Egypt (XONE),"Feb 20, 2018",tbd
Discovery Tour by Assassin's Creed: Ancient Egypt (PS4),"Feb 20, 2018",tbd
South Park: The Stick of Truth (XONE),"Feb 13, 2018",8.3
Tom Clancy's Rainbow Six Siege: Advanced Edition (PS4),"Feb 13, 2018",6.5
Tom Clancy's Rainbow Six Siege: Advanced Edition (XONE),"Feb 13, 2018",tbd
Assassin's Creed Origins: The Hidden Ones (PC),"Jan 23, 2018",7.3
Assassin's Creed Origins: The Hidden Ones (PS4),"Jan 23, 2018",7.0
Assassin's Creed Origins: The Hidden Ones (XONE),"Jan 23, 2018",7.3
South Park: The Fractured But Whole - Danger Deck (PS4),"Dec 19, 2017",6.5
South Park: The Fractured But Whole - Danger Deck (XONE),"Dec 19, 2017",tbd
South Park: The Fractured But Whole - Danger Deck (PC),"Dec 19, 2017",tbd
Steep: Road to the Olympics (PS4),"Dec 5, 2017",6.8
Steep: Road to the Olympics (XONE),"Dec 5, 2017",tbd
Steep: Road to the Olympics (PC),"Dec 5, 2017",tbd
Steep: Winter Games Edition (XONE),"Dec 5, 2017",tbd
Steep: Winter Games Edition (PS4),"Dec 5, 2017",tbd
Tom Clancy's Rainbow Six Siege - Operation White Noise (PS4),"Dec 5, 2017",tbd
Tom Clancy's Rainbow Six Siege - Operation White Noise (PC),"Dec 5, 2017",tbd
Tom Clancy's Rainbow Six Siege - Operation White Noise (XONE),"Dec 5, 2017",tbd
Tom Clancy's ShadowBreak (iOS),"Nov 29, 2017",tbd
Ode (PC),"Nov 27, 2017",7.1
Assassin's Creed Origins: The Trials of the Gods (XONE),"Nov 22, 2017",tbd
Assassin's Creed Origins: The Trials of the Gods (PC),"Nov 22, 2017",tbd
Assassin's Creed Origins: The Trials of the Gods (PS4),"Nov 22, 2017",tbd
Mario + Rabbids: Kingdom Battle - Gold Edition (Switch),"Nov 17, 2017",tbd
South Park: Phone Destroyer (iOS),"Nov 9, 2017",5.7
America's Greatest Game Shows: Wheel of Fortune & Jeopardy! (PS4),"Nov 7, 2017",tbd
America's Greatest Game Shows: Wheel of Fortune & Jeopardy! (XONE),"Nov 7, 2017",tbd
Jeopardy! (PS4),"Nov 7, 2017",tbd
Jeopardy! (XONE),"Nov 7, 2017",tbd
Wheel of Fortune (PS4),"Nov 7, 2017",tbd
Wheel of Fortune (XONE),"Nov 7, 2017",tbd
Uno (Switch),"Nov 7, 2017",6.9
Monopoly for Nintendo Switch (Switch),"Oct 31, 2017",6.5
Assassin's Creed Origins (PS4),"Oct 27, 2017",7.2
Assassin's Creed Origins (XONE),"Oct 27, 2017",7.5
Assassin's Creed Origins (PC),"Oct 27, 2017",6.7
Just Dance 2018 (PS4),"Oct 24, 2017",6.0
Just Dance 2018 (XONE),"Oct 24, 2017",1.8
Just Dance 2018 (Switch),"Oct 24, 2017",5.5
Just Dance 2018 (X360),"Oct 24, 2017",5.9
Just Dance 2018 (PS3),"Oct 24, 2017",2.3
Just Dance 2018 (WII),"Oct 24, 2017",5.4
Just Dance 2018 (WIIU),"Oct 24, 2017",4.6
South Park: The Fractured But Whole (PC),"Oct 17, 2017",6.6
South Park: The Fractured But Whole (XONE),"Oct 17, 2017",7.6
South Park: The Fractured But Whole (PS4),"Oct 17, 2017",7.6
Mario + Rabbids: Kingdom Battle - Ultra Challenge Pack (Switch),"Oct 17, 2017",6.3
Atomega (PC),"Sep 19, 2017",tbd
Rayman Legends: Definitive Edition (Switch),"Sep 12, 2017",8.1
Monopoly Plus (PC),"Sep 7, 2017",4.0
Mario + Rabbids: Kingdom Battle (Switch),"Aug 29, 2017",8.5
Tom Clancy's Ghost Recon: Wildlands - Ghost Pack: Santa Blanca (PS4),"Jun 23, 2017",tbd
Tom Clancy's Ghost Recon: Wildlands - Fallen Ghosts (PS4),"Jun 6, 2017",6.2
Tom Clancy's Ghost Recon: Wildlands - Fallen Ghosts (PC),"Jun 6, 2017",tbd
Star Trek: Bridge Crew (PC),"May 30, 2017",7.6
Star Trek: Bridge Crew (PS4),"May 30, 2017",7.1
Tom Clancy's Ghost Recon: Wildlands - Fallen Ghosts (XONE),"May 29, 2017",tbd
Trackmania 2 Lagoon (PC),"May 23, 2017",tbd
Watch Dogs 2: No Compromise (PC),"May 18, 2017",3.2
Watch Dogs 2: No Compromise (XONE),"May 18, 2017",tbd
Rocksmith (iOS),"May 16, 2017",tbd
Steep - Winterfest Pack (PS4),"May 3, 2017",tbd
Tom Clancy's Ghost Recon: Wildlands - Narco Road (PC),"Apr 25, 2017",2.0
Tom Clancy's Ghost Recon: Wildlands - Narco Road (XONE),"Apr 25, 2017",tbd
Syberia 3 (PC),"Apr 20, 2017",6.0
Tom Clancy's Ghost Recon: Wildlands - Narco Road (PS4),"Apr 18, 2017",4.0
Watch Dogs 2: No Compromise (PS4),"Apr 4, 2017",7.4
Watch Dogs 2: Human Conditions (XONE),"Mar 23, 2017",tbd
Tom Clancy's Ghost Recon: Wildlands (PC),"Mar 7, 2017",6.2
Tom Clancy's Ghost Recon: Wildlands (PS4),"Mar 7, 2017",6.1
Tom Clancy's Ghost Recon: Wildlands (XONE),"Mar 7, 2017",6.6
Just Dance 2017 (Switch),"Mar 3, 2017",5.2
Tom Clancy's The Division: Gold Edition (XONE),"Mar 3, 2017",tbd
Tom Clancy's The Division - The Last Stand (PC),"Feb 28, 2017",tbd
Tom Clancy's The Division - The Last Stand (PS4),"Feb 28, 2017",2.5
Tom Clancy's The Division - The Last Stand (XONE),"Feb 28, 2017",4.3
Rabbids Crazy Rush (iOS),"Feb 22, 2017",6.0
Watch Dogs 2: Human Conditions (PS4),"Feb 21, 2017",7.2
For Honor (PS4),"Feb 14, 2017",6.1
For Honor (XONE),"Feb 14, 2017",5.9
For Honor (PC),"Feb 13, 2017",5.3
Tom Clancy's Ghost Recon: Wildlands HQ (iOS),"Feb 3, 2017",tbd
City of Love: Paris (iOS),"Feb 1, 2017",tbd
Might & Magic Showdown (PC),TBA - Early Access,tbd
Horse Adventure: Tale of Etria (iOS),"Jan 12, 2017",tbd
Tom Clancy's Rainbow Six Siege: Gold Edition (XONE),"Dec 20, 2016",tbd
Werewolves Within (PC),"Dec 6, 2016",tbd
Werewolves Within (PS4),"Dec 6, 2016",7.3
Uno (2016) (PC),"Dec 4, 2016",tbd
Steep (PS4),"Dec 2, 2016",6.5
Steep (XONE),"Dec 2, 2016",6.5
The Crew: Calling All Units (PS4),"Nov 29, 2016",2.8
The Crew: Ultimate Edition (XONE),"Nov 29, 2016",5.8
The Crew: Calling All Units (XONE),"Nov 29, 2016",tbd
The Crew: Ultimate Edition (PC),"Nov 29, 2016",5.3
The Crew: Calling All Units (PC),"Nov 29, 2016",tbd
Watch Dogs 2 (PC),"Nov 28, 2016",7.1
The Crew: Ultimate Edition (PS4),"Nov 22, 2016",5.3
Tom Clancy's The Division - Survival (PS4),"Nov 22, 2016",6.6
Tom Clancy's The Division - Survival (PC),"Nov 22, 2016",7.0
Tom Clancy's The Division - Survival (XONE),"Nov 22, 2016",7.4
Steep (PC),"Nov 18, 2016",6.9
Watch Dogs 2 (PS4),"Nov 15, 2016",7.8
Watch Dogs 2 (XONE),"Nov 15, 2016",7.4
Assassin's Creed: The Ezio Collection (XONE),"Nov 15, 2016",7.2
Assassin's Creed: The Ezio Collection (PS4),"Nov 15, 2016",7.5
Hasbro Family Fun Pack: Conquest Edition (PS4),"Nov 15, 2016",tbd
Hasbro Family Fun Pack: Conquest Edition (XONE),"Nov 15, 2016",tbd
Eagle Flight (PS4),"Nov 8, 2016",7.1
Just Dance 2017 (PC),"Oct 27, 2016",8.6
Just Dance 2017 (XONE),"Oct 25, 2016",6.6
Just Dance 2017 (WIIU),"Oct 25, 2016",7.1
Just Dance 2017 (PS4),"Oct 25, 2016",6.7
Just Dance 2017 (PS3),"Oct 25, 2016",tbd
Just Dance 2017 (WII),"Oct 25, 2016",7.4
Just Dance 2017 (X360),"Oct 25, 2016",7.1
Trolls: Crazy Party Forest! (iOS),"Oct 19, 2016",tbd
Eagle Flight (PC),"Oct 18, 2016",6.9
Rocksmith 2014 Edition: Remastered (PC),"Oct 4, 2016",tbd
Rocksmith 2014 Edition: Remastered (PS4),"Oct 4, 2016",6.5
Rocksmith 2014 Edition: Remastered (XONE),"Oct 4, 2016",7.3
Face Up - The Selfie Game (iOS),"Sep 28, 2016",tbd
NCIS: Hidden Crimes (iOS),"Sep 15, 2016",tbd
Just Sing (PS4),"Sep 6, 2016",6.1
Just Sing (XONE),"Sep 6, 2016",tbd
Champions of Anteria (PC),"Aug 30, 2016",7.1
Grow Up (XONE),"Aug 16, 2016",7.3
Grow Up (PC),"Aug 16, 2016",7.4
Grow Up (PS4),"Aug 16, 2016",6.1
Uno (PS4),"Aug 16, 2016",6.3
Uno (XONE),"Aug 16, 2016",7.3
Battleship (PS4),"Aug 16, 2016",6.3
Might and Magic: Heroes VII - Trial by Fire (PC),"Aug 4, 2016",6.2
Battleship (XONE),"Aug 2, 2016",7.6
Risk: Urban Assault (XONE),"Aug 2, 2016",5.4
Risk: Urban Assault (PS4),"Aug 2, 2016",6.3
Risk: Urban Assault (PS3),"Aug 2, 2016",tbd
Risk: Urban Assault (X360),"Aug 2, 2016",tbd
Tom Clancy's The Division - Underground (PC),"Jun 28, 2016",6.1
Tom Clancy's The Division - Underground (PS4),"Jun 28, 2016",5.5
Tom Clancy's The Division - Underground (XONE),"Jun 28, 2016",7.5
South Park: The Stick of Truth (PS4),"Jun 23, 2016",7.6
Trials of the Blood Dragon (PS4),"Jun 13, 2016",6.2
Trials of the Blood Dragon (XONE),"Jun 13, 2016",5.9
Trials of the Blood Dragon (PC),"Jun 13, 2016",6.6
Hungry Shark World (iOS),"May 4, 2016",5.6
"Assassin's Creed Triple Pack: Black Flag, Unity, Syndicate (XONE)","Apr 26, 2016",8.1
Assassin's Creed Syndicate: The Dreadful Crimes (PC),"Apr 11, 2016",tbd
Assassin's Creed Chronicles (VITA),"Apr 5, 2016",7.0
Trackmania Turbo (PC),"Mar 24, 2016",7.0
Trackmania Turbo (PS4),"Mar 22, 2016",7.6
Trackmania Turbo (XONE),"Mar 22, 2016",7.5
Tom Clancy's The Division (PS4),"Mar 8, 2016",7.0
Tom Clancy's The Division (XONE),"Mar 8, 2016",6.9
Tom Clancy's The Division (PC),"Mar 8, 2016",6.0
Far Cry Primal (PC),"Mar 1, 2016",5.2
Assassin's Creed Syndicate: The Last Maharaja (PC),"Mar 1, 2016",5.3
Assassin's Creed Syndicate: The Last Maharaja (PS4),"Mar 1, 2016",5.8
Assassin's Creed Syndicate: The Last Maharaja (XONE),"Mar 1, 2016",6.9
Assassin's Creed Identity (iOS),"Feb 25, 2016",5.6
Far Cry Primal (PS4),"Feb 23, 2016",6.4
Far Cry Primal (XONE),"Feb 23, 2016",6.4
Rayman Classic (iOS),"Feb 18, 2016",7.3
Assassin's Creed Chronicles: Russia (PS4),"Feb 9, 2016",3.9
Assassin's Creed Chronicles: Russia (XONE),"Feb 9, 2016",4.1
Assassin's Creed Chronicles: Russia (PC),"Feb 9, 2016",4.6
Assassin's Creed Chronicles (PS4),"Feb 9, 2016",5.0
Assassin's Creed Chronicles (XONE),"Feb 9, 2016",5.4
Assassin's Creed Chronicles (PC),"Feb 9, 2016",3.6
Sandstorm: Pirate Wars (iOS),"Jan 27, 2016",tbd
Assassin's Creed Chronicles: India (PS4),"Jan 13, 2016",3.9
Smurfs Epic Run (iOS),"Jan 13, 2016",tbd
Assassin's Creed Chronicles: India (XONE),"Jan 12, 2016",4.7
Assassin's Creed Chronicles: India (PC),"Jan 12, 2016",4.9
Assassin's Creed Syndicate: Jack the Ripper (PS4),"Dec 15, 2015",6.6
Assassin's Creed Syndicate: Jack the Ripper (XONE),"Dec 15, 2015",6.6
Assassin's Creed Syndicate: Jack the Ripper (PC),"Dec 15, 2015",7.1
Tetris Ultimate (PC),"Dec 10, 2015",tbd
Rayman Adventures (iOS),"Dec 3, 2015",6.6
Tom Clancy's Rainbow Six Siege (XONE),"Dec 1, 2015",7.0
Tom Clancy's Rainbow Six Siege (PS4),"Dec 1, 2015",7.4
Tom Clancy's Rainbow Six Siege (PC),"Dec 1, 2015",7.1
Assassin's Creed Unity: Revolutionary Armaments Pack (PC),"Nov 28, 2015",tbd
Might & Magic Heroes Online (PC),"Nov 24, 2015",4.8
Assassin's Creed Syndicate (PC),"Nov 19, 2015",6.0
Assassin's Creed Syndicate - Steampunk Pack (PC),"Nov 18, 2015",tbd
Assassin's Creed Syndicate - Victorian Legends Pack (PC),"Nov 18, 2015",tbd
The Crew: Wild Run (PC),"Nov 17, 2015",7.1
The Crew: Wild Run (PS4),"Nov 17, 2015",6.4
The Crew: Wild Run (XONE),"Nov 17, 2015",6.3
The Crew: Wild Run Edition (PS4),"Nov 17, 2015",7.1
The Crew: Wild Run Edition (XONE),"Nov 17, 2015",7.0
Assassin's Creed Syndicate: Victorian Legends Pack (XONE),"Nov 17, 2015",tbd
Assassin's Creed Syndicate: Victorian Legends Pack (PS4),"Nov 17, 2015",tbd
Anno 2205: Asteroid Miner (iOS),"Nov 3, 2015",tbd
Assassin's Creed Syndicate: Steampunk Pack (XONE),"Nov 3, 2015",tbd
Assassin's Creed Syndicate: Steampunk Pack (PS4),"Nov 3, 2015",tbd
Anno 2205 (PC),"Nov 2, 2015",6.0
Assassin's Creed Syndicate (PS4),"Oct 23, 2015",6.9
Assassin's Creed Syndicate (XONE),"Oct 23, 2015",6.3
Assassin's Creed Syndicate: The Dreadful Crimes (PS4),"Oct 23, 2015",6.7
Assassin's Creed Syndicate - A Long Night Mission (XONE),"Oct 23, 2015",tbd
Assassin's Creed Syndicate: Runaway Train (XONE),"Oct 23, 2015",tbd
Assassin's Creed Syndicate: The Darwin And Dickens Conspiracy (XONE),"Oct 23, 2015",tbd
Just Dance 2016 (PS4),"Oct 20, 2015",5.9
Just Dance 2016 (XONE),"Oct 20, 2015",6.1
Just Dance 2016 (WIIU),"Oct 20, 2015",6.8
Just Dance 2016 (WII),"Oct 20, 2015",5.2
Just Dance 2016 (PS3),"Oct 20, 2015",5.0
Just Dance 2016 (X360),"Oct 20, 2015",7.1
Gravity Falls: Legend of the Gnome Gemulets (3DS),"Oct 20, 2015",6.2
Just Dance: Disney Party 2 (XONE),"Oct 20, 2015",tbd
Just Dance: Disney Party 2 (X360),"Oct 20, 2015",tbd
Just Dance: Disney Party 2 (WIIU),"Oct 20, 2015",tbd
Just Dance: Disney Party 2 (WII),"Oct 20, 2015",tbd
Hasbro Family Fun Pack (XONE),"Oct 20, 2015",tbd
Hasbro Family Fun Pack (PS4),"Oct 20, 2015",6.3
The Smurfs (3DS),"Oct 13, 2015",tbd
Assassin's Creed Syndicate: Runaway Train (PS4),"Oct 13, 2015",tbd
Might & Magic: Heroes VII (PC),"Sep 29, 2015",4.9
Grow Home (PS4),"Sep 1, 2015",6.1
Far Cry 4: Complete Edition (PS4),"Sep 1, 2015",tbd
Far Cry 4: Complete Edition (XONE),"Sep 1, 2015",tbd
Watch Dogs: Complete Edition (XONE),"Aug 26, 2015",6.8
The Settlers Online (PC),"Aug 19, 2015",4.6
Zombi (PS4),"Aug 18, 2015",5.8
Zombi (XONE),"Aug 18, 2015",6.3
Zombi (PC),"Aug 18, 2015",4.8
Toy Soldiers: War Chest (PC),"Aug 12, 2015",7.7
Toy Soldiers: War Chest (XONE),"Aug 11, 2015",8.3
Toy Soldiers: War Chest (PS4),"Aug 11, 2015",7.2
Boggle (PS4),"Aug 4, 2015",6.0
Boggle (XONE),"Aug 4, 2015",tbd
Trials Fusion: The Awesome MAX Edition (PS4),"Jul 17, 2015",tbd
Trials Fusion: Awesome Level Max (PS4),"Jul 14, 2015",tbd
Trials Fusion: Awesome Level Max (XONE),"Jul 14, 2015",tbd
Trials Fusion: Awesome Level Max (PC),"Jul 14, 2015",tbd
Trials Fusion: The Awesome MAX Edition (XONE),"Jul 14, 2015",tbd
Anno Online (PC),"Jul 1, 2015",4.4
Scrabble (PS4),"Jun 30, 2015",6.3
Scrabble (XONE),"Jun 30, 2015",tbd
Rabbids Appisodes: The Interactive TV Show (iOS),"Jun 18, 2015",tbd
Tetris Ultimate (VITA),"Jun 2, 2015",5.9
AirMech Arena (XONE),"May 12, 2015",4.2
AirMech Arena (PS4),"May 5, 2015",5.9
RISK (X360),"Apr 29, 2015",tbd
RISK (PS3),"Apr 28, 2015",tbd
Assassin's Creed Chronicles: China (PS4),"Apr 21, 2015",6.0
Assassin's Creed Chronicles: China (XONE),"Apr 21, 2015",5.6
Assassin's Creed Chronicles: China (PS3),"Apr 21, 2015",5.3
Assassin's Creed Chronicles: China (PC),"Apr 21, 2015",4.9
Tom Clancy's EndWar Online (PC),"Apr 12, 2015",8.0
Driver Speedboat Paradise (iOS),"Apr 8, 2015",tbd
Horse Haven World Adventures (iOS),"Mar 26, 2015",tbd
Assassin's Creed Rogue (PC),"Mar 10, 2015",7.4
Far Cry 4: Valley of the Yetis (PS4),"Mar 10, 2015",7.2
Far Cry 4: Valley of the Yetis (XONE),"Mar 10, 2015",7.4
Far Cry 4: Valley of the Yetis (PS3),"Mar 10, 2015",6.5
Far Cry 4: Valley of the Yetis (X360),"Mar 10, 2015",7.4
Far Cry 4: Valley of the Yetis (PC),"Mar 10, 2015",5.4
Assassin's Creed Rogue: Templar Legacy Pack (PC),"Mar 9, 2015",tbd
Trials Fusion: Fault One Zero (PS4),"Feb 24, 2015",tbd
Trivial Pursuit Live! (X360),"Feb 17, 2015",tbd
Trivial Pursuit Live! (PS4),"Feb 17, 2015",4.1
Trivial Pursuit Live! (PS3),"Feb 17, 2015",tbd
Monkey King Escape (iOS),"Feb 17, 2015",tbd
Assassin's Creed Unity: Underground Armory Pack (XONE),"Feb 10, 2015",tbd
Assassin's Creed Unity: Underground Armory Pack (PS4),"Feb 10, 2015",tbd
Grow Home (PC),"Feb 4, 2015",7.4
RISK (XONE),"Feb 3, 2015",6.1
RISK (PS4),"Feb 3, 2015",5.7
Trivial Pursuit Live! (XONE),"Feb 3, 2015",7.0
Heroes of Might & Magic III - HD Edition (PC),"Jan 29, 2015",4.3
Heroes of Might & Magic III - HD Edition (iOS),"Jan 29, 2015",7.4
Trials Fusion: Fire in the Deep (PS4),"Jan 27, 2015",tbd
Assassin's Creed Unity: Secrets of the Revolution (PS4),"Jan 20, 2015",tbd
Assassin's Creed Unity: Secrets of the Revolution (XONE),"Jan 20, 2015",tbd
Assassin's Creed Unity: Secrets of the Revolution (PC),"Jan 20, 2015",tbd
Monopoly Plus (X360),"Jan 14, 2015",5.2
Monopoly Deal (X360),"Jan 14, 2015",tbd
Monopoly Plus (XONE),"Jan 13, 2015",6.1
Assassin's Creed Unity: Dead Kings (PS4),"Jan 13, 2015",6.4
Assassin's Creed Unity: Dead Kings (XONE),"Jan 13, 2015",5.4
Assassin's Creed Unity: Dead Kings (PC),"Jan 13, 2015",6.3
Monopoly Deal (PS3),"Jan 13, 2015",tbd
Monopoly Plus (PS3),"Jan 13, 2015",6.5
Far Cry 4: Escape from Durgesh Prison (XONE),"Jan 13, 2015",tbd
Far Cry 4: Escape from Durgesh Prison (PS4),"Jan 13, 2015",5.6
Assassin's Creed Rogue: Templar Legacy Pack (X360),"Jan 13, 2015",tbd
Assassin's Creed Rogue: Templar Legacy Pack (PS3),"Jan 13, 2015",tbd
Tetris Ultimate (PS4),"Dec 16, 2014",3.6
Tetris Ultimate (XONE),"Dec 16, 2014",4.3
The Crew (XONE),"Dec 2, 2014",5.7
The Crew (PS4),"Dec 2, 2014",5.3
The Crew (X360),"Dec 2, 2014",6.4
Monopoly Deal (PS4),"Dec 2, 2014",4.8
Monopoly Plus (PS4),"Dec 2, 2014",5.3
The Crew (PC),"Dec 1, 2014",6.3
Assassin's Creed Unity: Revolutionary Armaments Pack (XONE),"Nov 25, 2014",tbd
Assassin's Creed Unity: Revolutionary Armaments Pack (PS4),"Nov 25, 2014",tbd
ANNO: Build an Empire (iOS),"Nov 20, 2014",tbd
Watch Dogs (WIIU),"Nov 18, 2014",6.4
Rabbids Invasion (XONE),"Nov 18, 2014",6.0
Far Cry 4 (PS4),"Nov 18, 2014",7.7
Far Cry 4 (XONE),"Nov 18, 2014",7.6
Far Cry 4 (PS3),"Nov 18, 2014",7.4
Far Cry 4 (X360),"Nov 18, 2014",7.2
Rabbids Invasion (PS4),"Nov 18, 2014",3.7
Rabbids Invasion (X360),"Nov 18, 2014",tbd
Monopoly: Family Fun Pack (XONE),"Nov 18, 2014",6.7
Monopoly: Family Fun Pack (PS4),"Nov 18, 2014",4.3
Far Cry 4 Arena Master (iOS),"Nov 18, 2014",tbd
Monopoly Deal (XONE),"Nov 18, 2014",tbd
Far Cry 4 (PC),"Nov 17, 2014",6.8
Far Cry 4 Arcade Poker (iOS),"Nov 17, 2014",tbd
Assassin's Creed Unity (PS4),"Nov 11, 2014",5.0
Assassin's Creed Unity (XONE),"Nov 11, 2014",4.2
Assassin's Creed Unity (PC),"Nov 11, 2014",3.3
Shape Up (XONE),"Nov 11, 2014",8.0
Tetris Ultimate (3DS),"Nov 11, 2014",4.0
Assassin's Creed Rogue (PS3),"Nov 11, 2014",7.5
Assassin's Creed Rogue (X360),"Nov 11, 2014",7.4
Assassin's Creed Unity - American Prisoner Mission (XONE),"Nov 11, 2014",tbd
Assassin's Creed Unity - Chemical Revolution Mission (XONE),"Nov 11, 2014",tbd
Assassin's Creed Unity - Killed by Science Mission (XONE),"Nov 11, 2014",tbd
Shape Up Battle Run (iOS),"Nov 10, 2014",tbd
Battle of Heroes: Land of Immortals (iOS),"Nov 6, 2014",tbd
Rocksmith 2014 Edition (PS4),"Nov 4, 2014",7.5
Rocksmith 2014 Edition (XONE),"Nov 4, 2014",7.5
Assassin's Creed: The Americas Collection (PS3),"Oct 28, 2014",tbd
Assassin's Creed: The Americas Collection (X360),"Oct 28, 2014",8.5
Assassin's Creed: The Americas Collection (PC),"Oct 28, 2014",tbd
Just Dance 2015 Motion Controller (iOS),"Oct 24, 2014",tbd
Just Dance 2015 (XONE),"Oct 21, 2014",7.5
Just Dance 2015 (PS4),"Oct 21, 2014",5.7
Just Dance 2015 (WIIU),"Oct 21, 2014",6.6
Just Dance 2015 (PS3),"Oct 21, 2014",6.8
Just Dance 2015 (X360),"Oct 21, 2014",8.3
Just Dance 2015 (WII),"Oct 21, 2014",8.4
The Bot Squad: Puzzle Battles (iOS),"Oct 16, 2014",tbd
Petz Countryside (3DS),"Oct 14, 2014",tbd
Petz Beach (3DS),"Oct 14, 2014",tbd
Poptropica: Forgotten Islands (3DS),"Oct 14, 2014",tbd
Trials Fusion: Welcome to the Abyss (PS4),"Oct 7, 2014",tbd
Watch Dogs: Bad Blood (XONE),"Sep 30, 2014",5.7
Watch Dogs: Bad Blood (PS4),"Sep 30, 2014",7.2
Watch Dogs: Bad Blood (PC),"Sep 30, 2014",6.7
Watch Dogs: Bad Blood (PS3),"Sep 30, 2014",7.2
Watch Dogs: Bad Blood (X360),"Sep 30, 2014",7.2
Just Dance Now (iOS),"Sep 25, 2014",6.9
Valiant Hearts: The Great War (iOS),"Sep 4, 2014",8.2
Little Raiders: Robin's Revenge (iOS),"Aug 28, 2014",tbd
Chubby Kings - Penguins (iOS),"Aug 21, 2014",tbd
Assassin's Creed Memories (iOS),"Aug 20, 2014",3.3
Trials Fusion: Empire of the Sky (PC),"Aug 19, 2014",tbd
Trials Fusion: Empire of the Sky (PS4),"Aug 19, 2014",tbd
Assassin's Creed: Pirates (PC),"Aug 14, 2014",tbd
AirMech Arena (X360),"Jul 30, 2014",7.3
Trials Fusion: Riders of the Rustlands (PS4),"Jul 29, 2014",tbd
Trials Fusion: Riders of the Rustlands (PC),"Jul 29, 2014",tbd
Might & Magic: Duel of Champions - Forgotten Wars (X360),"Jul 23, 2014",tbd
Might & Magic: Duel of Champions - Forgotten Wars (PS4),"Jul 22, 2014",4.2
Might & Magic: Duel of Champions - Forgotten Wars (PS3),"Jul 22, 2014",tbd
Child of Light (VITA),"Jul 1, 2014",7.8
Far Cry Compilation (X360),"Jul 1, 2014",7.8
Valiant Hearts: The Great War (PC),"Jun 25, 2014",8.6
Valiant Hearts: The Great War (X360),"Jun 25, 2014",8.0
Valiant Hearts: The Great War (XONE),"Jun 25, 2014",8.0
Valiant Hearts: The Great War (PS3),"Jun 24, 2014",8.1
Valiant Hearts: The Great War (PS4),"Jun 24, 2014",8.2
Watch Dogs: Conspiracy (PC),"Jun 5, 2014",tbd
Watch Dogs (PS3),"May 27, 2014",5.1
Watch Dogs (X360),"May 27, 2014",5.1
Watch Dogs (PS4),"May 27, 2014",6.3
Watch Dogs (XONE),"May 27, 2014",5.9
Watch_Dogs Companion: ctOS Mobile (iOS),"May 27, 2014",tbd
Watch Dogs (PC),"May 26, 2014",4.8
Child of Light (PC),"Apr 30, 2014",8.1
Child of Light (XONE),"Apr 30, 2014",7.6
Child of Light (X360),"Apr 30, 2014",7.5
CSI: Hidden Crimes (iOS),"Apr 30, 2014",tbd
Child of Light (PS4),"Apr 29, 2014",8.0
Child of Light (WIIU),"Apr 29, 2014",8.5
Child of Light (PS3),"Apr 29, 2014",7.7
Trials Fusion (XONE),"Apr 16, 2014",7.1
Trials Fusion (X360),"Apr 16, 2014",7.5
Trials Fusion (PC),"Apr 16, 2014",6.9
Trials Fusion (PS4),"Apr 15, 2014",7.1
Trials Frontier (iOS),"Apr 9, 2014",5.9
Assassin's Creed IV: Black Flag - Aveline DLC (PS3),"Apr 1, 2014",tbd
Assassin's Creed IV: Black Flag - Aveline DLC (PS4),"Apr 1, 2014",tbd
Rayman Fiesta Run (PC),"Mar 13, 2014",tbd
South Park: The Stick of Truth (PS3),"Mar 4, 2014",8.5
South Park: The Stick of Truth (X360),"Mar 4, 2014",8.5
South Park: The Stick of Truth (PC),"Mar 4, 2014",8.6
Rayman Legends (PS4),"Feb 18, 2014",8.4
Rayman Legends (XONE),"Feb 18, 2014",7.9
Far Cry Compilation (PS3),"Feb 11, 2014",7.4
Far Cry Classic (X360),"Feb 11, 2014",7.5
Far Cry Classic (PS3),"Feb 11, 2014",5.8
Assassin's Creed IV: Black Flag - Multiplayer Characters Pack 2 Guild of Rogues (X360),"Feb 11, 2014",tbd
Assassin's Creed IV: Black Flag - Multiplayer Characters Pack 2 Guild of Rogues (PS3),"Feb 11, 2014",tbd
Assassin's Creed IV: Black Flag - Multiplayer Characters Pack 2 Guild of Rogues (PS4),"Feb 11, 2014",tbd
Assassin's Creed IV: Black Flag - Multiplayer Characters Pack 2 Guild of Rogues (XONE),"Feb 11, 2014",tbd
Assassin's Creed IV: Black Flag - Multiplayer Characters Pack 2 Guild of Rogues (PC),"Feb 11, 2014",tbd
Might & Magic X: Legacy (PC),"Jan 23, 2014",7.3
Assassin's Creed Liberation HD (X360),"Jan 15, 2014",5.7
Assassin's Creed Liberation HD (PC),"Jan 15, 2014",5.7
Assassin's Creed Liberation HD (PS3),"Jan 14, 2014",6.1
Assassin's Creed IV: Black Flag - Illustrious Pirates Pack (X360),"Jan 7, 2014",tbd
Assassin's Creed IV: Black Flag - Illustrious Pirates Pack (PS3),"Jan 7, 2014",tbd
Assassin's Creed IV: Black Flag - Illustrious Pirates Pack (PS4),"Jan 7, 2014",tbd
Assassin's Creed IV: Black Flag - Illustrious Pirates Pack (XONE),"Jan 7, 2014",tbd
Assassin's Creed IV: Black Flag - Illustrious Pirates Pack (PC),"Jan 7, 2014",tbd
Zoo Mania (3DS),TBA,tbd
Howrse (iOS),"Dec 20, 2013",tbd
Assassin's Creed IV: Black Flag - Freedom Cry (PS3),"Dec 18, 2013",7.5
Assassin's Creed IV: Black Flag - Freedom Cry (PS4),"Dec 18, 2013",6.4
Assassin's Creed IV: Black Flag - Freedom Cry (PC),"Dec 18, 2013",6.8
Assassin's Creed IV: Black Flag - Freedom Cry (XONE),"Dec 17, 2013",7.1
Assassin's Creed IV: Black Flag - Freedom Cry (X360),"Dec 17, 2013",6.8
Assassin's Creed IV: Black Flag - Multiplayer Characters Pack 1 Blackbeards Wrath (X360),"Dec 10, 2013",tbd
Assassin's Creed IV: Black Flag - Multiplayer Characters Pack 1 Blackbeard's Wrath (PS3),"Dec 10, 2013",tbd
Assassin's Creed IV: Black Flag - Multiplayer Characters Pack 1 Blackbeards Wrath (PS4),"Dec 10, 2013",tbd
Assassin's Creed IV: Black Flag - Multiplayer Characters Pack 1 Blackbeards Wrath (XONE),"Dec 10, 2013",tbd
Assassin's Creed IV: Black Flag - Multiplayer Characters Pack 1 Blackbeards Wrath (PC),"Dec 10, 2013",tbd
Assassin's Creed: Pirates (iOS),"Dec 5, 2013",6.4
Assassin's Creed IV: Black Flag (PC),"Nov 19, 2013",7.7
Assassin's Creed IV: Black Flag (XONE),"Nov 19, 2013",7.5
Just Dance 2014 (XONE),"Nov 19, 2013",7.0
Fighter Within (XONE),"Nov 19, 2013",2.8
Assassin's Creed IV: Black Flag (PS4),"Nov 12, 2013",7.9
Just Dance 2014 (PS4),"Nov 12, 2013",5.6
Rayman Fiesta Run (iOS),"Nov 7, 2013",7.3
Assassin's Creed IV: Black Flag (WIIU),"Oct 29, 2013",7.8
Assassin's Creed IV: Black Flag (X360),"Oct 29, 2013",7.9
Assassin's Creed IV: Black Flag (PS3),"Oct 29, 2013",8.2
Rocksmith 2014 Edition (X360),"Oct 22, 2013",7.5
Rocksmith 2014 Edition (PS3),"Oct 22, 2013",8.4
Rocksmith 2014 Edition (PC),"Oct 22, 2013",7.8
Just Dance Kids 2014 (WIIU),"Oct 22, 2013",7.0
Just Dance Kids 2014 (WII),"Oct 22, 2013",tbd
Just Dance Kids 2014 (X360),"Oct 22, 2013",6.1
Rabbid's Big Bang (iOS),"Oct 17, 2013",tbd
Panzer General Online (PC),"Oct 15, 2013",tbd
Just Dance 2014 (WIIU),"Oct 8, 2013",7.6
Just Dance 2014 (X360),"Oct 8, 2013",7.8
Just Dance 2014 (PS3),"Oct 8, 2013",7.1
Just Dance 2014 (WII),"Oct 8, 2013",6.5
Flashback (PS3),"Oct 1, 2013",5.4
Flashback (PC),"Oct 1, 2013",5.0
Tom Clancy's Ghost Recon Trilogy (X360),"Oct 1, 2013",tbd
Assassin's Creed: Ezio Saga (X360),"Oct 1, 2013",tbd
Autodance 2014 by Just Dance (iOS),"Sep 27, 2013",tbd
Might & Magic: Duel of Champions - Forgotten Wars (PC),"Sep 26, 2013",tbd
Rayman Legends (WIIU),"Sep 3, 2013",8.7
Rayman Legends (PS3),"Sep 3, 2013",8.7
Rayman Legends (X360),"Sep 3, 2013",8.2
Rayman Legends (VITA),"Sep 3, 2013",8.4
Rayman Legends (PC),"Sep 3, 2013",8.5
Flashback (X360),"Aug 21, 2013",4.7
Tom Clancy's Splinter Cell: Blacklist (X360),"Aug 20, 2013",7.5
Tom Clancy's Splinter Cell: Blacklist (PS3),"Aug 20, 2013",7.7
Tom Clancy's Splinter Cell: Blacklist (PC),"Aug 20, 2013",7.5
Tom Clancy's Splinter Cell: Blacklist (WIIU),"Aug 20, 2013",7.8
Cloudberry Kingdom (PC),"Aug 2, 2013",7.4
Cloudberry Kingdom (WIIU),"Aug 1, 2013",7.0
Cloudberry Kingdom (X360),"Jul 31, 2013",7.0
Cloudberry Kingdom (PS3),"Jul 30, 2013",6.3
Prince of Persia: The Shadow and the Flame (iOS),"Jul 25, 2013",5.3
The Smurfs 2 (X360),"Jul 23, 2013",5.0
The Smurfs 2 (PS3),"Jul 23, 2013",4.4
The Smurfs 2 (WIIU),"Jul 23, 2013",5.7
The Smurfs 2 (WII),"Jul 23, 2013",tbd
The Smurfs 2 (DS),"Jul 23, 2013",tbd
CSI: Miami Heat Wave (iOS),"Jul 18, 2013",tbd
TrackMania 2 Valley (PC),"Jul 4, 2013",7.7
Spartacus Legends (X360),"Jun 26, 2013",5.3
Spartacus Legends (PS3),"Jun 25, 2013",5.9
TrackMania 2 Stadium (PC),"Jun 20, 2013",7.7
The Mighty Quest for Epic Loot (PC),"Jun 10, 2013",5.6
Splinter Cell Blacklist Spider-Bot (iOS),"Jun 10, 2013",tbd
Call of Juarez: Gunslinger (PC),"May 22, 2013",8.2
Call of Juarez: Gunslinger (X360),"May 22, 2013",8.2
Call of Juarez: Gunslinger (PS3),"May 14, 2013",8.0
Might & Magic: Heroes VI - Shades of Darkness (PC),"May 2, 2013",5.3
Far Cry 3: Blood Dragon (X360),"May 1, 2013",8.4
Far Cry 3: Blood Dragon (PC),"May 1, 2013",8.1
Far Cry 3: Blood Dragon (PS3),"Apr 30, 2013",8.2
Rayman Legends Challenges App (WIIU),"Apr 25, 2013",7.0
Assassin's Creed III - The Redemption (X360),"Apr 23, 2013",5.7
Assassin's Creed III - The Redemption (PS3),"Apr 23, 2013",5.6
Assassin's Creed III - The Redemption (PC),"Apr 23, 2013",6.5
ShootMania Storm (PC),"Apr 10, 2013",7.2
Toys R Us Towers (iOS),"Apr 4, 2013",tbd
Trials Evolution: Gold Edition (PC),"Mar 21, 2013",6.8
Assassin's Creed III - The Betrayal (X360),"Mar 19, 2013",5.1
Assassin's Creed III - The Betrayal (PS3),"Mar 19, 2013",5.2
Assassin's Creed III - The Betrayal (PC),"Mar 19, 2013",5.9
Scott Pilgrim vs. the World: The Game - Online Multiplayer + Wallace Pack (X360),"Mar 13, 2013",tbd
Scott Pilgrim vs. the World: The Game - Online Multiplayer + Wallace Pack (PS3),"Mar 12, 2013",tbd
Rayman Jungle Run (PC),"Mar 7, 2013",7.9
Tom Clancy's Ghost Recon: Future Soldier - Khyber Strike (PC),"Feb 26, 2013",tbd
Assassin's Creed III - The Infamy (PS3),"Feb 19, 2013",5.0
Assassin's Creed III - The Infamy (PC),"Feb 19, 2013",5.7
Assassin's Creed III - The Infamy (X360),"Feb 19, 2013",5.0
Might & Magic Clash of Heroes (iOS),"Jan 24, 2013",tbd
Might & Magic: Clash of Heroes (iOS),"Jan 24, 2013",6.8
Might & Magic Clash of Heroes (iOS),"Jan 24, 2013",8.2
Assassin's Creed III: The Battle Hardened Pack (WIIU),"Jan 17, 2013",tbd
Far Cry 3: Deluxe Bundle DLC (X360),"Jan 17, 2013",tbd
Tom Clancy's Ghost Recon: Future Soldier - Raven Strike (PC),"Jan 17, 2013",tbd
Far Cry 3: High Tides (PS3),"Jan 15, 2013",6.1
Assassin's Creed III: The Battle Hardened Pack (PC),"Jan 15, 2013",tbd
Far Cry 3: Deluxe Bundle DLC (PC),"Jan 15, 2013",tbd
Assassin's Creed III: The Battle Hardened Pack (X360),"Jan 8, 2013",tbd
Assassin's Creed III: The Battle Hardened Pack (PS3),"Jan 8, 2013",tbd
Pet Shop (DS),Canceled,tbd
Babyz Party (WII),Canceled,tbd
Arthur and the Revenge of Maltazard (WII),TBA,tbd
Arthur and the Revenge of Maltazard (PC),TBA,tbd
Arthur and the Revenge of Maltazard (PS3),TBA,tbd
Raving Rabbids 4 (WII),Canceled,tbd
Killer Freaks from Outer Space (WIIU),Canceled,tbd
Animalz Marine Zoo (DS),Canceled,tbd
Action Heroes: Firefighter (DS),Canceled,tbd
Arthur and the Invisibles 2 (DS),Canceled,tbd
Guitar Hits (PSP),Canceled,tbd
Far Cry The Outpost (iOS),"Dec 20, 2012",tbd
Assassin's Creed III: The Hidden Secrets Pack (X360),"Dec 11, 2012",4.2
Assassin's Creed III: The Hidden Secrets Pack (PC),"Dec 11, 2012",5.8
Assassin's Creed III: The Hidden Secrets Pack (WIIU),"Dec 11, 2012",4.7
Far Cry 3 (PS3),"Dec 4, 2012",8.5
Far Cry 3 (PC),"Dec 4, 2012",8.3
Far Cry 3 (X360),"Dec 4, 2012",8.6
Marvel Avengers: Battle for Earth (WIIU),"Dec 4, 2012",5.0
Assassin's Creed III: The Hidden Secrets Pack (PS3),"Dec 4, 2012",4.6
Assassin's Creed III (PC),"Nov 20, 2012",6.3
Rabbids Land (WIIU),"Nov 18, 2012",5.3
Assassin's Creed III (WIIU),"Nov 18, 2012",7.2
ZombiU (WIIU),"Nov 18, 2012",7.7
Your Shape: Fitness Evolved 2013 (WIIU),"Nov 18, 2012",6.3
Just Dance 4 (WIIU),"Nov 18, 2012",7.8
Rabbids Rumble (3DS),"Nov 13, 2012",6.5
ESPN Sports Connection (WIIU),"Nov 13, 2012",2.7
The Hip Hop Dance Experience (WII),"Nov 13, 2012",tbd
The Hip Hop Dance Experience (X360),"Nov 13, 2012",tbd
Assassin's Creed: Ezio Trilogy (PS3),"Nov 13, 2012",7.8
Rayman Origins (3DS),"Nov 6, 2012",6.3
Poptropica Adventures (DS),"Nov 6, 2012",tbd
Nutty Fluffies Rollercoaster (iOS),"Nov 1, 2012",tbd
Might & Magic: Duel of Champions (iOS),"Oct 31, 2012",6.2
Assassin's Creed III (PS3),"Oct 30, 2012",6.9
Assassin's Creed III (X360),"Oct 30, 2012",6.8
Assassin's Creed III: Liberation (VITA),"Oct 30, 2012",7.2
Marvel Avengers: Battle for Earth (X360),"Oct 30, 2012",7.0
Tom Clancy's Ghost Recon: Future Soldier - Arctic Strike (PC),"Oct 25, 2012",tbd
Just Dance: Disney Party (WII),"Oct 23, 2012",tbd
Just Dance: Disney Party (X360),"Oct 23, 2012",tbd
Imagine Babyz (3DS),"Oct 23, 2012",tbd
Imagine Fashion Life (3DS),"Oct 23, 2012",tbd
Rocksmith (PC),"Oct 16, 2012",8.2
Just Dance 4 (X360),"Oct 9, 2012",7.7
Just Dance 4 (PS3),"Oct 9, 2012",7.1
Just Dance 4 (WII),"Oct 9, 2012",7.6
Monster 4x4 3D (3DS),"Oct 9, 2012",tbd
Tom Clancy's Ghost Recon: Future Soldier - Khyber Strike (PS3),"Oct 9, 2012",tbd
Tom Clancy's Ghost Recon: Future Soldier - Khyber Strike (X360),"Oct 9, 2012",tbd
Anno 2070: Deep Ocean Expansion (PC),"Oct 4, 2012",8.4
Might & Magic: Heroes VI - Danse Macabre Adventure Pack (PC),"Sep 27, 2012",7.2
Puzzler World 2012 3D (3DS),"Sep 25, 2012",tbd
My Self Defence Coach (X360),"Sep 25, 2012",tbd
Rayman Jungle Run (iOS),"Sep 20, 2012",7.5
Might & Magic: Duel of Champions (PC),"Sep 13, 2012",6.9
Tom Clancy's Ghost Recon Online - The Arctic Pack (PC),"Sep 12, 2012",tbd
Tom Clancy's Ghost Recon: Future Soldier - Raven Strike (X360),"Sep 11, 2012",tbd
Tom Clancy's Ghost Recon: Future Soldier - Raven Strike (PS3),"Sep 11, 2012",tbd
I Am Alive (PC),"Sep 6, 2012",6.0
NCIS 3D (3DS),"Aug 24, 2012",tbd
The Expendables 2 Videogame (X360),"Aug 17, 2012",4.4
The Expendables 2 Videogame (PC),"Aug 17, 2012",2.4
Tom Clancy's Ghost Recon Phantoms (PC),"Aug 15, 2012",6.5
Rocksmith Bass Expansion (X360),"Aug 14, 2012",tbd
Rocksmith Bass Expansion (PS3),"Aug 14, 2012",tbd
Michael Jackson The Experience (iOS),"Aug 9, 2012",tbd
Babel Rising (PC),"Aug 7, 2012",3.0
Babel Rising - Sky's The Limit (PC),"Aug 7, 2012",tbd
The Expendables 2 Videogame (PS3),"Jul 31, 2012",3.9
Mad Riders - Daredevil Map Pack (PC),"Jul 31, 2012",tbd
Tom Clancy's Ghost Recon: Future Soldier - Arctic Strike (PS3),"Jul 17, 2012",tbd
Tom Clancy's Ghost Recon: Future Soldier - Arctic Strike (X360),"Jul 17, 2012",tbd
Might & Magic: Heroes VI - Pirates of the Savage Sea Adventure Pack (PC),"Jul 12, 2012",4.2
Babel Rising - Sky's The Limit (X360),"Jul 11, 2012",2.0
Babel Rising - Sky's The Limit (PS3),"Jul 10, 2012",tbd
Prince of Persia (3DS),Q2 2012,tbd
Tom Clancy's Ghost Recon: Future Soldier (PC),"Jun 26, 2012",5.1
Just Dance: Greatest Hits (X360),"Jun 26, 2012",tbd
Just Dance: Greatest Hits (WII),"Jun 26, 2012",tbd
Mad Riders: The Daredevil Map Pack (PS3),"Jun 26, 2012",tbd
Mad Riders: Zambia Pack (X360),"Jun 26, 2012",tbd
James Noir's Hollywood Crimes (iOS),"Jun 21, 2012",tbd
BABEL Rising 3D (iOS),"Jun 14, 2012",tbd
Babel Rising (X360),"Jun 13, 2012",3.4
Babel Rising (PS3),"Jun 12, 2012",tbd
Mad Riders (X360),"May 30, 2012",7.1
Mad Riders (PC),"May 30, 2012",7.0
Mad Riders (PS3),"May 29, 2012",5.7
Tom Clancy's Ghost Recon: Future Soldier (X360),"May 22, 2012",7.3
Tom Clancy's Ghost Recon: Future Soldier (PS3),"May 22, 2012",6.9
Trials Evolution (X360),"Apr 18, 2012",8.0
Shoot Many Robots (PC),"Apr 6, 2012",6.3
Rabbids Go Phone Again (iOS),"Apr 5, 2012",tbd
I Am Alive (PS3),"Apr 3, 2012",6.3
Funky Barn 3D (3DS),"Apr 3, 2012",tbd
The Price Is Right: Decades (PS3),"Apr 3, 2012",tbd
Rayman Origins (PC),"Mar 29, 2012",8.4
Horses 3D (3DS),"Mar 27, 2012",6.3
Rayman 3 HD (X360),"Mar 21, 2012",7.2
Rayman 3 HD (PS3),"Mar 20, 2012",6.5
MotoHeroz (iOS),"Mar 15, 2012",tbd
MotoHeroz HD (iOS),"Mar 15, 2012",tbd
Shoot Many Robots (X360),"Mar 14, 2012",7.0
I Am Alive (X360),"Mar 7, 2012",6.3
Prince of Persia Classic (iOS),"Feb 29, 2012",6.8
Prince of Persia Classic HD (iOS),"Feb 29, 2012",5.3
Assassin's Creed: Revelations - The Lost Archive (X360),"Feb 28, 2012",5.9
Assassin's Creed: Revelations - The Lost Archive (PC),"Feb 28, 2012",6.0
Assassin's Creed: Revelations - The Lost Archive (PS3),"Feb 28, 2012",5.9
Michael Jackson The Experience HD (VITA),"Feb 15, 2012",5.8
Rayman Origins (VITA),"Feb 15, 2012",8.4
Asphalt: Injection (VITA),"Feb 15, 2012",5.0
Dungeon Hunter: Alliance (VITA),"Feb 15, 2012",6.4
Lumines: Electronic Symphony (VITA),"Feb 15, 2012",7.9
Rabbids Go HD (iOS),"Jan 31, 2012",tbd
Assassin's Creed: Revelations - Mediterranean Traveler Map Pack (PC),"Jan 25, 2012",tbd
Assassin's Creed: Revelations - Mediterranean Traveler Map Pack (PS3),"Jan 24, 2012",3.2
Assassin's Creed: Revelations - Mediterranean Traveler Map Pack (X360),"Jan 24, 2012",6.8
Innergy (PC),TBA 2011,tbd
Hollywood 61 (3DS),TBA,tbd
QuestMania (PC),TBA,tbd
Tom Clancy's Splinter Cell: Chaos Theory HD (PS3),"Dec 27, 2011",8.0
Tom Clancy's Splinter Cell HD (PS3),"Dec 27, 2011",5.3
Tom Clancy's Splinter Cell Pandora Tomorrow HD (PS3),"Dec 27, 2011",3.9
Assassin's Creed: Revelations - Ancestors Character Pack (PS3),"Dec 13, 2011",3.0
Assassin's Creed: Revelations - Ancestors Character Pack (X360),"Dec 13, 2011",4.3
MotionSports Adrenaline: Urban Jungle (PS3),"Dec 13, 2011",tbd
MotionSports Adrenaline: Urban Jungle (X360),"Dec 13, 2011",tbd
Assassin's Creed: Revelations - Ancestors Character Pack (PC),"Dec 13, 2011",tbd
Michael Jackson The Experience (iOS),"Dec 7, 2011",tbd
The Adventures of Tintin: The Game (PC),"Dec 6, 2011",7.4
The Adventures of Tintin: The Game (PS3),"Dec 6, 2011",5.7
The Adventures of Tintin: The Game (X360),"Dec 6, 2011",6.4
The Adventures of Tintin: The Game (WII),"Dec 6, 2011",5.9
Just Dance 3 (PS3),"Dec 6, 2011",6.0
The Adventures of Tintin: The Game (3DS),"Dec 6, 2011",5.2
Drawsome! Artist (WII),"Dec 6, 2011",tbd
Drawsome! Sketch Quest (WII),"Dec 6, 2011",tbd
Assassin's Creed Recollection (iOS),"Nov 30, 2011",3.3
Assassin's Creed: Revelations (PC),"Nov 29, 2011",7.4
Hole in the Wall: Deluxe Edition (X360),"Nov 20, 2011",tbd
Anno 2070 (PC),"Nov 17, 2011",7.0
Rayman Origins (X360),"Nov 15, 2011",8.2
Assassin's Creed: Revelations (PS3),"Nov 15, 2011",7.6
Assassin's Creed: Revelations (X360),"Nov 15, 2011",7.2
Rayman Origins (PS3),"Nov 15, 2011",8.4
Rayman Origins (WII),"Nov 15, 2011",8.5
Imagine Fashion Designer (3DS),"Nov 15, 2011",tbd
The Price Is Right: Decades (X360),"Nov 15, 2011",tbd
ABBA: You Can Dance (WII),"Nov 15, 2011",tbd
The Adrenaline Lab (iOS),"Nov 9, 2011",tbd
Raving Rabbids: Alive & Kicking (X360),"Nov 8, 2011",5.4
Your Shape Fitness Evolved 2012 (X360),"Nov 8, 2011",7.6
Michael Jackson The Experience (3DS),"Nov 8, 2011",7.1
The Black Eyed Peas Experience (WII),"Nov 8, 2011",tbd
The Black Eyed Peas Experience (X360),"Nov 8, 2011",5.8
Puppies 3D (3DS),"Nov 8, 2011",tbd
Self-Defense Training Camp (X360),"Nov 8, 2011",5.0
Assassin's Creed: Revelations - Path to Revelations (iOS),"Nov 4, 2011",tbd
Monster Burner (iOS),"Nov 3, 2011",tbd
James Noir's Hollywood Crimes (3DS),"Nov 1, 2011",6.7
MotionSports Adrenaline (X360),"Nov 1, 2011",6.5
MotionSports Adrenaline (PS3),"Nov 1, 2011",tbd
NCIS (X360),"Nov 1, 2011",3.8
NCIS (PS3),"Nov 1, 2011",4.6
NCIS (WII),"Nov 1, 2011",tbd
NCIS (PC),"Nov 1, 2011",tbd
Who Wants To Be A Millionaire? 2012 Edition (X360),"Nov 1, 2011",tbd
Assassin's Creed Rearmed (iOS),"Oct 27, 2011",tbd
Zoo Resort 3D (3DS),"Oct 25, 2011",6.5
Just Dance Kids 2 (X360),"Oct 25, 2011",tbd
Just Dance Kids 2 (WII),"Oct 25, 2011",tbd
Just Dance Kids 2 (PS3),"Oct 25, 2011",tbd
Rocksmith (X360),"Oct 18, 2011",8.2
Rocksmith (PS3),"Oct 18, 2011",8.3
PowerUp Heroes (X360),"Oct 18, 2011",7.5
Petz: Puppyz & Kittenz (DS),"Oct 18, 2011",tbd
The Price Is Right: Decades (PS3),"Oct 18, 2011",tbd
The Price Is Right: Decades (WII),"Oct 18, 2011",tbd
Family Feud: 2012 Edition (WII),"Oct 18, 2011",tbd
Family Feud: 2012 Edition (X360),"Oct 18, 2011",5.3
WRC 2: FIA World Rally Championship 2011 (PS3),"Oct 14, 2011",4.8
WRC 2: FIA World Rally Championship 2011 (X360),"Oct 14, 2011",6.3
Might & Magic: Heroes VI (PC),"Oct 13, 2011",6.0
Just Dance 3 (WII),"Oct 7, 2011",7.9
Just Dance 3 (X360),"Oct 7, 2011",7.7
Child of Eden (PS3),"Sep 27, 2011",7.8
Driver: San Francisco (PC),"Sep 27, 2011",7.1
Tom Clancy's Splinter Cell Classic Trilogy HD (PS3),"Sep 27, 2011",6.9
Might & Magic: Clash of Heroes (PC),"Sep 22, 2011",7.8
Might & Magic: Clash of Heroes - I Am the Boss (PC),"Sep 22, 2011",tbd
Castle Empire (PC),"Sep 19, 2011",tbd
TrackMania 2 Canyon (PC),"Sep 14, 2011",7.7
From Dust (PS3),"Sep 13, 2011",7.0
Call of Juarez: The Cartel (PC),"Sep 13, 2011",3.4
Puzzler Mind Gym 3D (3DS),"Sep 13, 2011",tbd
Might & Magic: Clash of Heroes - I Am the Boss (PS3),"Sep 13, 2011",tbd
Might & Magic: Clash of Heroes - I Am the Boss (X360),"Sep 13, 2011",tbd
Driver: San Francisco (PS3),"Sep 6, 2011",7.6
Driver: San Francisco (X360),"Sep 6, 2011",7.6
Driver: San Francisco (WII),"Sep 6, 2011",6.4
Driver: Renegade (3DS),"Sep 6, 2011",4.9
The Smurfs (3DS),August 2011,tbd
From Dust (PC),"Aug 17, 2011",4.9
Puzzler World 2 (DS),"Aug 16, 2011",tbd
From Dust (X360),"Jul 27, 2011",7.6
The Smurfs: Dance Party (WII),"Jul 19, 2011",tbd
The Smurfs (DS),"Jul 19, 2011",tbd
Call of Juarez: The Cartel (X360),"Jul 19, 2011",5.7
Call of Juarez: The Cartel (PS3),"Jul 19, 2011",5.4
Just Dance: Summer Party (WII),"Jul 19, 2011",tbd
Cosmic Family (iOS),"Jul 7, 2011",tbd
Beyond Good & Evil HD (PS3),"Jun 28, 2011",8.5
Petz Fantasy 3D (3DS),"Jun 21, 2011",tbd
Child of Eden (X360),"Jun 14, 2011",7.6
Outland (PS3),"Jun 14, 2011",7.8
Cubic Ninja (3DS),"Jun 14, 2011",5.9
Assassin's Creed I & II: Ultimate Collection (PC),"May 10, 2011",8.0
Outland (X360),"Apr 27, 2011",7.4
IL-2 Sturmovik: Cliffs of Dover (PC),"Apr 26, 2011",7.1
The Settlers 7: Paths to a Kingdom - The Two Kings (PC),"Apr 20, 2011",tbd
Prince of Persia Classic Trilogy HD (PS3),"Apr 19, 2011",8.0
Might & Magic: Clash of Heroes (X360),"Apr 13, 2011",8.2
Michael Jackson The Experience (X360),"Apr 12, 2011",6.8
Michael Jackson The Experience (PS3),"Apr 12, 2011",8.5
Might & Magic: Clash of Heroes (PS3),"Apr 12, 2011",7.9
Rabbids Travel in Time 3D (3DS),"Apr 10, 2011",6.2
Tom Clancy's Splinter Cell 3D (3DS),"Apr 10, 2011",5.7
Classic Word Games (iOS),"Mar 29, 2011",tbd
Combat of Giants: Dinosaurs 3D (3DS),"Mar 27, 2011",5.3
Assassin's Creed: Brotherhood (PC),"Mar 22, 2011",8.2
Asphalt 3D (3DS),"Mar 22, 2011",4.3
Rayman 3D (3DS),"Mar 22, 2011",6.5
Tom Clancy's Ghost Recon: Shadow Wars (3DS),"Mar 22, 2011",7.9
Dance on Broadway (PS3),"Mar 17, 2011",tbd
Fit in Six (PS3),"Mar 15, 2011",7.0
Fit in Six (WII),"Mar 15, 2011",tbd
Assassin's Creed: Brotherhood - The Da Vinci Disappearance (PS3),"Mar 9, 2011",7.3
Petz: Bunnyz Bunch (DS),"Mar 8, 2011",tbd
"The $1,000,000 Pyramid (WII)","Mar 8, 2011",tbd
Assassin's Creed: Brotherhood - The Da Vinci Disappearance (X360),"Mar 8, 2011",8.3
Beyond Good & Evil HD (X360),"Mar 2, 2011",8.5
Big Bond Theory HD (iOS),"Feb 17, 2011",tbd
Big Bond Theory (iOS),"Feb 10, 2011",tbd
R.U.S.E. - The Chimera Pack (X360),"Jan 19, 2011",tbd
R.U.S.E. - The Chimera Pack (PS3),"Jan 19, 2011",tbd
R.U.S.E. - The Chimera Pack (PC),"Jan 19, 2011",tbd
Assassin's Creed: Brotherhood - Animus Project Update 2.0 (X360),"Jan 18, 2011",tbd
Assassin's Creed: Brotherhood - Animus Project Update 2.0 (PS3),"Jan 18, 2011",tbd
Zeit Squared (X360),"Jan 12, 2011",tbd
Zeit Squared (PC),"Jan 12, 2011",5.3
Petz: Catz Family (DS),"Jan 10, 2011",tbd
The Settlers II: The Next Generation (10th Anniversary) (PC),TBA,tbd
Tom Clancy's HAWX (WII),TBA,tbd
Academy of Champions: Soccer (DS),TBA,tbd
Petz Fantasy (DS),Q4 2010,tbd
Scott Pilgrim vs. the World: The Game - Knives Chau Add-On Pack (X360),"Dec 28, 2010",tbd
Prince of Persia: The Two Thrones (PS3),"Dec 21, 2010",8.7
Silent Hunter HD (iOS),"Dec 16, 2010",tbd
Crystal Shuffle (iOS),"Dec 15, 2010",tbd
Prince of Persia: Warrior Within (PS3),"Dec 14, 2010",7.5
Assassin's Creed: Brotherhood - Animus Project Update 1.0 (X360),"Dec 14, 2010",tbd
Assassin's Creed: Brotherhood - Animus Project Update 1.0 (PS3),"Dec 14, 2010",tbd
The Settlers 7: Paths to a Kingdom - Rise of the Rebellion (PC),"Dec 13, 2010",tbd
Battle of Giants Dinosaurs Strike (WII),November 2010,tbd
The Settlers of Tandria (iOS),"Nov 30, 2010",tbd
The Settlers of Tandria HD (iOS),"Nov 30, 2010",tbd
CellFactor: Psychokinetic Wars (PC),"Nov 29, 2010",tbd
Michael Jackson The Experience (WII),"Nov 23, 2010",8.3
Michael Jackson: The Experience (DS),"Nov 23, 2010",6.6
Michael Jackson The Experience (PSP),"Nov 23, 2010",6.2
CSI: Crime Scene Investigation: Unsolved! (DS),"Nov 23, 2010",tbd
Tom Clancy's HAWX 2 (PC),"Nov 22, 2010",3.6
Raving Rabbids: Travel in Time (WII),"Nov 21, 2010",7.2
Battle Tag (PC),"Nov 20, 2010",tbd
Tom Clancy's Ghost Recon (WII),"Nov 16, 2010",6.8
Assassin's Creed: Brotherhood (PS3),"Nov 16, 2010",8.2
Assassin's Creed: Brotherhood (X360),"Nov 16, 2010",8.3
Prince of Persia: The Sands of Time (PS3),"Nov 16, 2010",7.3
Tom Clancy's Ghost Recon Predator (PSP),"Nov 15, 2010",tbd
Tom Clancy's HAWX 2 (WII),"Nov 9, 2010",8.5
Style Lab: Fashion Design (DS),"Nov 9, 2010",tbd
Family Feud Decades (WII),"Nov 9, 2010",tbd
Battle of Giants: Dinosaurs Strike (WII),"Nov 9, 2010",tbd
Just Dance Kids (WII),"Nov 9, 2010",tbd
Assassin's Creed: Brotherhood - Copernicus Conspiracy (PS3),"Nov 9, 2010",tbd
Scott Pilgrim vs. the World: The Game - Knives Chau Add-On Pack (PS3),"Nov 9, 2010",tbd
Your Shape: Fitness Evolved (X360),"Nov 4, 2010",7.5
MotionSports (X360),"Nov 4, 2010",4.0
Fighters Uncaged (X360),"Nov 4, 2010",4.8
Imagine Fashion Stylist (DS),"Nov 3, 2010",tbd
The Amazing Race (WII),"Nov 2, 2010",tbd
Petz: Nursery 2 (DS),"Nov 2, 2010",tbd
Bloody Good Time (PC),"Oct 29, 2010",7.9
Bloody Good Time (X360),"Oct 28, 2010",6.1
Shaun White Skateboarding (PC),"Oct 26, 2010",7.3
Imagine Resort Owner (DS),"Oct 26, 2010",tbd
CSI: Crime Scene Investigation: Fatal Conspiracy (WII),"Oct 26, 2010",tbd
CSI: Crime Scene Investigation: Fatal Conspiracy (X360),"Oct 26, 2010",4.8
CSI: Crime Scene Investigation: Fatal Conspiracy (PC),"Oct 26, 2010",5.1
CSI: Crime Scene Investigation: Fatal Conspiracy (PS3),"Oct 26, 2010",5.6
Petz: Catz Playground (DS),"Oct 26, 2010",tbd
Shaun White Skateboarding (PS3),"Oct 24, 2010",6.5
Shaun White Skateboarding (X360),"Oct 24, 2010",5.3
Shaun White Skateboarding (WII),"Oct 24, 2010",tbd
Just Dance 2 (WII),"Oct 12, 2010",7.3
Tom Clancy's HAWX 2: Mig Alley Pack (X360),"Oct 12, 2010",tbd
Tom Clancy's HAWX 2: Cold War Pack (X360),"Oct 12, 2010",tbd
Tom Clancy's HAWX 2: Cold War Pack (PS3),"Oct 12, 2010",tbd
Tom Clancy's HAWX 2: Mig Alley Pack (PS3),"Oct 12, 2010",tbd
Sports Collection (DS),"Oct 5, 2010",tbd
Hollywood Squares (WII),"Oct 5, 2010",tbd
Who Wants to Be a Millionaire (WII),"Oct 5, 2010",tbd
Who Wants to Be a Millionaire: 3rd Edition (DS),"Oct 5, 2010",tbd
Petz Fantasy: Moonlight Magic (DS),"Oct 5, 2010",tbd
Petz Fantasy: Sunshine Magic (DS),"Oct 5, 2010",tbd
Assassin's Creed Project Legacy (PC),"Sep 30, 2010",5.2
Racquet Sports (PS3),"Sep 14, 2010",4.3
R.U.S.E. (PC),"Sep 7, 2010",7.9
R.U.S.E. (PS3),"Sep 7, 2010",7.3
R.U.S.E. (X360),"Sep 7, 2010",7.0
Tom Clancy's HAWX 2 (X360),"Sep 7, 2010",6.3
Tom Clancy's HAWX 2 (PS3),"Sep 7, 2010",6.5
The Settlers 7: Paths to a Kingdom : Conquest - The Empire (PC),"Sep 2, 2010",tbd
Might & Magic: Heroes Kingdoms (PC),"Aug 27, 2010",tbd
Raving Rabbids Party Collection (WII),"Aug 27, 2010",8.0
Scott Pilgrim vs. the World: The Game (X360),"Aug 25, 2010",7.5
Press Your Luck (PS3),"Aug 24, 2010",tbd
Gold's Gym: Dance Workout (WII),"Aug 17, 2010",tbd
Scott Pilgrim vs. the World: The Game (PS3),"Aug 10, 2010",7.8
Petz: Dogz Family (DS),"Aug 2, 2010",tbd
Galaxy Racers (DS),"Jul 27, 2010",tbd
Petz: Hamsterz Family (DS),"Jul 26, 2010",tbd
Petz Kittens (DS),"Jul 19, 2010",tbd
Voodoo Dice (PC),"Jul 15, 2010",tbd
20-IN-1 GAME FEST ! (iOS),"Jul 9, 2010",tbd
The Settlers 7: Paths to a Kingdom - Uncharted Land (PC),"Jul 7, 2010",4.0
Battle of Giants: Mutant Insects - Revenge (DS),"Jun 28, 2010",tbd
Dance on Broadway (WII),"Jun 15, 2010",3.3
Prince of Persia: The Forgotten Sands (PC),"Jun 8, 2010",6.7
Voodoo Dice (PS3),"Jun 8, 2010",tbd
Pure Futbol (PS3),"Jun 1, 2010",7.5
Pure Futbol (X360),"Jun 1, 2010",7.9
Tom Clancy's Splinter Cell: Conviction - Deniable Ops Insurgency Pack (X360),"Jun 1, 2010",6.8
Tom Clancy's Splinter Cell: Conviction - Deniable Ops Insurgency Pack (PC),"Jun 1, 2010",tbd
Voodoo Dice (WII),"May 31, 2010",tbd
Prince of Persia Retro (iOS),"May 28, 2010",tbd
Voodoo Dice (X360),"May 26, 2010",7.4
Boot Camp Academy (WII),"May 20, 2010",tbd
Prince of Persia: The Forgotten Sands (X360),"May 18, 2010",7.8
Prince of Persia: The Forgotten Sands (PS3),"May 18, 2010",7.4
Prince of Persia: The Forgotten Sands (DS),"May 18, 2010",6.3
Prince of Persia: The Forgotten Sands (WII),"May 18, 2010",8.1
Imagine: Animal Doctor Care Center (DS),"May 18, 2010",tbd
Prince of Persia: The Forgotten Sands (PSP),"May 17, 2010",7.3
Tom Clancy's Splinter Cell: Conviction (PC),"Apr 27, 2010",5.3
Tom Clancy's Splinter Cell: Conviction (X360),"Apr 13, 2010",7.7
Silent Hunter Mobile (iOS),"Apr 5, 2010",tbd
Tom Clancy's Splinter Cell: Conviction (DS),"Apr 1, 2010",tbd
Imagine Gymnast (DS),"Mar 23, 2010",tbd
Red Steel 2 (WII),"Mar 23, 2010",8.5
The Settlers 7: Paths to a Kingdom (PC),"Mar 23, 2010",5.2
Battle of Giants: Dinosaurs - Fight for Survival (DS),"Mar 15, 2010",tbd
Dawn of Discovery - Harbor (iOS),"Mar 15, 2010",tbd
Assassin's Creed II (PC),"Mar 9, 2010",7.1
Racquet Sports (WII),"Mar 9, 2010",8.6
Assassin's Creed II: Deluxe Edition (PC),"Mar 9, 2010",8.4
Silent Hunter 5: Battle of the Atlantic (PC),"Mar 2, 2010",3.6
Battle of Giants: Mutant Insects (DS),"Mar 2, 2010",tbd
Assassin's Creed II: Multiplayer (iOS),"Mar 1, 2010",tbd
Dawn of Discovery: Venice (PC),"Feb 26, 2010",7.6
Assassin's Creed II: Bonfire of the Vanities (X360),"Feb 18, 2010",6.5
Assassin's Creed II:  Bonfire of the Vanities (PS3),"Feb 18, 2010",5.2
Best Friends Tonight (DS),"Feb 9, 2010",tbd
Imagine Reporter (DS),"Feb 2, 2010",tbd
Assassin's Creed II: Battle of Forli (PS3),"Jan 28, 2010",5.0
Assassin's Creed II: Battle of Forli (X360),"Jan 28, 2010",6.2
No More Heroes 2: Desperate Struggle (WII),"Jan 26, 2010",8.7
Imagine Party Planner (DS),"Jan 26, 2010",tbd
Girls Life Sleepover Party (WII),"Jan 12, 2010",tbd
Tom Clancy's Ghost Recon 2 (X360),"Jan 12, 2010",tbd
Assassin's Creed II: Discovery (iOS),"Jan 7, 2010",tbd
Assassin's Creed II: Discovery (iOS),"Jan 7, 2010",tbd
My Fitness Coach 2: Exercise & Nutrition (WII),"Jan 5, 2010",tbd
The Settlers Online (PC),2010,tbd
Rabbids Lab (WII),"Dec 28, 2009",2.3
Rabbids Go Phone (iOS),"Dec 24, 2009",tbd
Puzzler World (DS),"Dec 8, 2009",tbd
Your Shape (PC),"Dec 8, 2009",tbd
James Cameron's Avatar: The Game (PSP),"Dec 7, 2009",5.1
Rayman (DS),"Dec 7, 2009",7.6
James Cameron's Avatar: The Game (X360),"Dec 1, 2009",6.8
James Cameron's Avatar: The Game (PS3),"Dec 1, 2009",6.7
Might & Magic: Clash of Heroes (DS),"Dec 1, 2009",8.0
James Cameron's Avatar: The Game (DS),"Dec 1, 2009",2.9
James Cameron's Avatar: The Game (PC),"Dec 1, 2009",7.2
James Cameron's Avatar: The Game (WII),"Dec 1, 2009",3.7
Your Shape Featuring Jenny McCarthy (WII),"Nov 24, 2009",5.2
Cook Wars (WII),"Nov 24, 2009",tbd
Tom Clancy: Platinum Hits Pack (X360),"Nov 23, 2009",tbd
Assassin's Creed II (PS3),"Nov 17, 2009",8.6
Assassin's Creed II (X360),"Nov 17, 2009",8.8
Assassin's Creed: Bloodlines (PSP),"Nov 17, 2009",7.1
Petz: Dogz Talent Show (DS),"Nov 17, 2009",tbd
Petz: Hamsterz Superstarz (DS),"Nov 17, 2009",tbd
Just Dance (WII),"Nov 17, 2009",8.0
Assassin's Creed II: Discovery (DS),"Nov 17, 2009",7.3
Style Lab: Makeover (DS),"Nov 10, 2009",tbd
Style Lab: Jewelry Design (DS),"Nov 10, 2009",tbd
Fairyland Melody Magic (DS),"Nov 10, 2009",tbd
Petz: Nursery (DS),"Nov 10, 2009",tbd
Teenage Mutant Ninja Turtles: Arcade Attack (DS),"Nov 10, 2009",4.8
Team Elimination Games (WII),"Nov 10, 2009",tbd
Shaun White Snowboarding: World Stage (WII),"Nov 8, 2009",8.7
Academy of Champions: Soccer (WII),"Nov 3, 2009",6.8
C.O.P.: The Recruit (DS),"Nov 3, 2009",7.5
Imagine Babyz Fashion (DS),"Nov 3, 2009",tbd
Battle of Giants: Dragons - Bronze Edition (DS),"Nov 2, 2009",tbd
Rabbids Go Home (WII),"Nov 1, 2009",8.3
Rabbids Go Home (DS),"Nov 1, 2009",6.2
Petz: Saddle Club (PSP),"Oct 27, 2009",tbd
Press Your Luck 2010 Edition (WII),"Oct 27, 2009",tbd
Imagine Artist (DS),"Oct 27, 2009",tbd
Petz: Dolphinz Encounter (DS),"Oct 27, 2009",tbd
Press Your Luck: 2010 Edition (DS),"Oct 27, 2009",tbd
CSI: Crime Scene Investigation: Deadly Intent (WII),"Oct 27, 2009",tbd
CSI: Crime Scene Investigation: Deadly Intent - The Hidden Cases (DS),"Oct 27, 2009",4.8
CSI: Crime Scene Investigation: Deadly Intent (X360),"Oct 27, 2009",5.7
Monster 4x4: Stunt Racer (WII),"Oct 27, 2009",5.2
Petz: Dogz Family (PSP),"Oct 27, 2009",tbd
100 All-Time Favorites (DS),"Oct 27, 2009",6.2
Petz: Hamsterz Bunch (PSP),"Oct 27, 2009",tbd
Press Your Luck 2010 Edition (PC),"Oct 27, 2009",tbd
Panzer General: Allied Assault (X360),"Oct 21, 2009",6.9
Imagine Fashion Designer World Tour (DS),"Oct 20, 2009",tbd
CSI: Crime Scene Investigation: Deadly Intent (PC),"Oct 20, 2009",4.8
Jam Sessions 2 (DS),"Oct 20, 2009",tbd
Petz: Pony Beauty Pageant (DS),"Oct 13, 2009",tbd
Imagine Sweet 16 (DS),"Oct 13, 2009",tbd
Imagine Zookeeper (DS),"Oct 6, 2009",tbd
Battle of Giants: Dragons (DS),"Sep 29, 2009",6.0
Family Feud: 2010 Edition (DS),"Sep 29, 2009",tbd
Family Feud: 2010 Edition (WII),"Sep 29, 2009",tbd
Family Feud (PC),"Sep 29, 2009",tbd
Family Feud: 2010 Edition (PC),"Sep 29, 2009",tbd
Imagine Salon Stylist (DS),"Sep 29, 2009",tbd
Teenage Mutant Ninja Turtles: Smash-Up (WII),"Sep 22, 2009",8.0
The Price Is Right: 2010 Edition (WII),"Sep 22, 2009",tbd
Teenage Mutant Ninja Turtles: Smash-Up (PS2),"Sep 22, 2009",8.4
The Price Is Right: 2010 Edition (DS),"Sep 22, 2009",tbd
Where's Waldo? The Fantastic Journey (PC),"Sep 22, 2009",6.0
Where's Waldo? The Fantastic Journey (DS),"Sep 22, 2009",7.9
Where's Waldo? The Fantastic Journey (WII),"Sep 22, 2009",tbd
The Price Is Right: 2010 Edition (PC),"Sep 22, 2009",tbd
Cloudy With a Chance of Meatballs (PSP),"Sep 18, 2009",tbd
Cloudy With a Chance of Meatballs (PS3),"Sep 18, 2009",6.0
Cloudy With a Chance of Meatballs (X360),"Sep 18, 2009",6.3
Cloudy With a Chance of Meatballs (PC),"Sep 18, 2009",tbd
Heroes Over Europe (PS3),"Sep 15, 2009",7.0
Heroes Over Europe (X360),"Sep 15, 2009",8.1
Cloudy With a Chance of Meatballs (DS),"Sep 15, 2009",tbd
Cloudy With a Chance of Meatballs (WII),"Sep 15, 2009",5.3
Teenage Mutant Ninja Turtles: Turtles in Time Re-Shelled (PS3),"Sep 10, 2009",5.1
Heroes Over Europe (PC),"Sep 8, 2009",7.3
Imagine Detective (DS),"Sep 8, 2009",tbd
Imagine: Teacher Class Trip (DS),"Aug 25, 2009",tbd
Imagine: Soccer Captain (DS),"Aug 11, 2009",tbd
Teenage Mutant Ninja Turtles: Turtles in Time Re-Shelled (X360),"Aug 5, 2009",7.1
Call of Juarez: Bound in Blood (PC),"Jun 30, 2009",8.0
Call of Juarez: Bound in Blood (PS3),"Jun 30, 2009",7.7
Call of Juarez: Bound in Blood (X360),"Jun 30, 2009",7.6
Dawn of Discovery (WII),"Jun 23, 2009",7.9
My Healthy Cooking Coach (DS),"Jun 23, 2009",tbd
Classic Word Games (DS),"Jun 23, 2009",tbd
Dawn of Discovery (PC),"Jun 17, 2009",8.8
Dawn of Discovery (DS),"Jun 17, 2009",7.3
Petz Fashion: Dogz & Catz (DS),"Jun 9, 2009",tbd
My Chinese Coach (iOS),"Jun 6, 2009",tbd
CellFactor: Psychokinetic Wars (PS3),"Jun 4, 2009",8.4
CellFactor: Psychokinetic Wars (X360),"Jun 3, 2009",8.5
Imagine Boutique Owner (DS),"Jun 2, 2009",tbd
Storm of War: Battle of Britain (PC),"Jun 1, 2009",tbd
Imagine: Makeup Artist (DS),"May 12, 2009",tbd
Imagine Music Fest (DS),"May 5, 2009",tbd
Totally Spies! Totally Party (WII),"Mar 31, 2009",tbd
Imagine: Family Doctor (DS),"Mar 31, 2009",tbd
Vacation Sports (WII),"Mar 31, 2009",tbd
Fashion Studio: Paris Collection (DS),"Mar 25, 2009",tbd
Gold's Gym: Cardio Workout (WII),"Mar 25, 2009",8.4
Wheelman (X360),"Mar 24, 2009",7.5
Wheelman (PS3),"Mar 24, 2009",7.2
Wheelman (PC),"Mar 24, 2009",7.0
Broken Sword: Shadow of the Templars - The Director's Cut (WII),"Mar 24, 2009",8.2
Broken Sword: Shadow of the Templars - The Director's Cut (DS),"Mar 24, 2009",8.0
Tenchu: Shadow Assassins (PSP),"Mar 24, 2009",7.6
No More Heroes/Red Steel Bundle (WII),"Mar 19, 2009",tbd
The Price Is Right / Rayman Raving Rabbids (DS),"Mar 18, 2009",tbd
Tom Clancy's HAWX (PC),"Mar 17, 2009",7.3
World in Conflict: Complete Edition (PC),"Mar 17, 2009",tbd
Jake Power: Handyman (DS),"Mar 11, 2009",tbd
World in Conflict: Soviet Assault (PC),"Mar 10, 2009",8.2
My English Coach: Para Hispanoparlantes (DS),"Mar 10, 2009",tbd
Prince of Persia: Epilogue (X360),"Mar 5, 2009",6.3
Prince of Persia: Epilogue (PS3),"Mar 5, 2009",3.5
Grey's Anatomy: The Video Game (DS),"Mar 4, 2009",7.5
Grey's Anatomy: The Video Game (WII),"Mar 4, 2009",8.3
Grey's Anatomy: The Video Game (PC),"Mar 4, 2009",3.9
Tom Clancy's HAWX (PS3),"Mar 3, 2009",8.1
Tom Clancy's HAWX (X360),"Mar 3, 2009",7.2
Six Flags Fun Park (WII),"Mar 3, 2009",7.1
Brain Challenge Deluxe (PS3),"Mar 3, 2009",tbd
Tom Clancy's EndWar (PC),"Feb 24, 2009",6.8
Imagine: Ice Champions (DS),"Feb 24, 2009",tbd
Jake Power: Policeman (DS),"Feb 17, 2009",tbd
Jake Power: Fireman (DS),"Feb 10, 2009",tbd
Tenchu: Shadow Assassins (WII),"Feb 5, 2009",7.7
Petz: Horseshoe Ranch (DS),"Jan 27, 2009",tbd
Imagine: Cheerleader (DS),"Jan 27, 2009",tbd
Jojo's Fashion Show (DS),"Jan 27, 2009",tbd
Imagine Fashion Party (WII),"Jan 20, 2009",tbd
Prince of Persia (PC),"Dec 9, 2008",7.2
Shaun White Snowboarding (PC),"Dec 3, 2008",5.1
Prince of Persia (PS3),"Dec 2, 2008",7.4
Prince of Persia (X360),"Dec 2, 2008",7.1
Prince of Persia: The Fallen King (DS),"Dec 2, 2008",6.0
My Fun Facts Coach (DS),"Dec 2, 2008",tbd
My Fitness Coach (WII),"Dec 2, 2008",8.6
Happy Cooking (DS),"Dec 2, 2008",tbd
Wordfish (DS),"Dec 2, 2008",tbd
Rayman Raving Rabbids: TV Party (WII),"Nov 18, 2008",7.9
Rayman Raving Rabbids: TV Party (DS),"Nov 18, 2008",4.7
Naruto: The Broken Bond (X360),"Nov 18, 2008",7.8
Imagine: Movie Star (DS),"Nov 18, 2008",tbd
Petz Rescue: Endangered Paradise (DS),"Nov 18, 2008",tbd
CSI: NY (PC),"Nov 18, 2008",2.3
Petz: Crazy Monkeyz (WII),"Nov 18, 2008",tbd
Petz: Catz Clan (DS),"Nov 18, 2008",tbd
Petz: Monkeyz House (DS),"Nov 18, 2008",tbd
Imagine: Ballet Star (DS),"Nov 18, 2008",7.0
Shaun White Snowboarding (X360),"Nov 16, 2008",7.6
Shaun White Snowboarding (PS3),"Nov 16, 2008",6.3
Shaun White Snowboarding: Road Trip (WII),"Nov 16, 2008",8.7
Shaun White Snowboarding (PS2),"Nov 16, 2008",tbd
Shaun White Snowboarding (DS),"Nov 16, 2008",tbd
Shaun White Snowboarding (PSP),"Nov 16, 2008",7.5
Curling DS (DS),"Nov 15, 2008",tbd
My Stop Smoking Coach: Allen Carr's EasyWay (DS),"Nov 11, 2008",tbd
Imagine Party Babyz (WII),"Nov 11, 2008",6.7
Petz: Horse Club (WII),"Nov 11, 2008",tbd
Petz: Horse Club (PC),"Nov 11, 2008",tbd
Tom Clancy's EndWar (PS3),"Nov 4, 2008",6.6
Tom Clancy's EndWar (X360),"Nov 4, 2008",7.2
Imagine: Wedding Designer (DS),"Nov 4, 2008",tbd
Petz: Dogz Pack (DS),"Nov 4, 2008",tbd
Petz Sports: Dog Playground (WII),"Nov 4, 2008",tbd
Imagine: Interior Designer (DS),"Nov 4, 2008",tbd
Tom Clancy's EndWar (PSP),"Nov 4, 2008",5.9
Tom Clancy's EndWar (DS),"Nov 4, 2008",5.8
Family Fest Presents Movie Games (WII),"Nov 4, 2008",2.8
Petz Sports: Dog Playground (PC),"Nov 4, 2008",tbd
Guitar Rock Tour (DS),"Nov 4, 2008",tbd
Real Soccer 2009 (DS),"Nov 4, 2008",tbd
Petz Rescue: Ocean Patrol (DS),"Oct 28, 2008",tbd
Petz Rescue: Wildlife Vet (DS),"Oct 28, 2008",tbd
TV Show King Party (WII),"Oct 28, 2008",5.3
Prince of Persia Classic (PS3),"Oct 23, 2008",7.0
Far Cry 2: Fortune's Edition (PC),"Oct 22, 2008",7.0
Far Cry 2 (PC),"Oct 21, 2008",5.8
Far Cry 2 (X360),"Oct 21, 2008",6.7
Far Cry 2 (PS3),"Oct 21, 2008",6.4
Ener-G Dance Squad (DS),"Oct 21, 2008",tbd
Ener-G Gym Rockets (DS),"Oct 21, 2008",tbd
Ener-G Horse Riders (DS),"Oct 21, 2008",tbd
Petz Rescue: Wildlife Vet (WII),"Oct 21, 2008",tbd
Family Fest Presents Circus Games (WII),"Oct 21, 2008",tbd
My Japanese Coach (DS),"Oct 15, 2008",6.7
Cesar Millan's Dog Whisperer (PC),"Oct 15, 2008",tbd
Cesar Millan's Dog Whisperer (DS),"Oct 15, 2008",7.8
The Dog Island (PS2),"Oct 14, 2008",7.4
Battle of Giants: Dinosaurs (DS),"Oct 14, 2008",7.1
Brothers in Arms: Hell's Highway (PC),"Oct 7, 2008",7.7
Imagine: Fashion Designer New York (DS),"Oct 7, 2008",tbd
Imagine: Babysitters (DS),"Oct 7, 2008",tbd
My Spanish Coach (PSP),"Oct 7, 2008",tbd
War World (X360),"Oct 1, 2008",7.7
The Settlers IV Gold Edition (PC),"Sep 30, 2008",7.2
Brothers in Arms: Hell's Highway (PS3),"Sep 23, 2008",8.0
Brothers in Arms: Hell's Highway (X360),"Sep 23, 2008",8.2
Brothers in Arms: Double Time (WII),"Sep 23, 2008",6.6
My SAT Coach (DS),"Sep 23, 2008",tbd
Hell's Kitchen (PC),"Sep 22, 2008",tbd
The Price is Right (PC),"Sep 22, 2008",tbd
The Settlers: Rise of an Empire Gold Edition (PC),"Sep 22, 2008",6.4
Rayman Raving Rabbids 2 (PC),"Sep 16, 2008",5.8
Armored Core: For Answer (X360),"Sep 16, 2008",7.8
Armored Core: For Answer (PS3),"Sep 16, 2008",7.7
My Secret World by Imagine (DS),"Sep 16, 2008",7.3
CSI: Crime Scene Investigation Super Pack (PC),"Sep 10, 2008",tbd
Hell's Kitchen (DS),"Sep 9, 2008",6.5
Hell's Kitchen (WII),"Sep 9, 2008",7.9
The Price is Right (DS),"Sep 9, 2008",tbd
The Price is Right (WII),"Sep 9, 2008",4.3
My Chinese Coach (DS),"Aug 26, 2008",tbd
Imagine: Teacher (DS),"Aug 12, 2008",7.5
Quick Yoga Training (DS),"Aug 6, 2008",tbd
Pet Adoption Center (DS),"Jun 30, 2008",tbd
My Weight Loss Coach (DS),"Jun 24, 2008",7.6
Gourmet Chef: Cook Your Way To Fame (DS),"Jun 24, 2008",tbd
Midnight Play! Pack (DS),"Jun 24, 2008",tbd
Imagine: Rock Star (DS),"Jun 17, 2008",tbd
Petz: Dogz Fashion (DS),"Jun 17, 2008",tbd
My Fashion Studio (DS),"Jun 10, 2008",6.8
Protothea (WII),"Jun 2, 2008",tbd
Emergency Heroes (WII),"May 27, 2008",4.6
Haze (PS3),"May 20, 2008",6.5
The Dog Island (WII),"May 6, 2008",8.3
TrackMania Nations Forever (PC),"Apr 16, 2008",8.7
TrackMania United Forever (PC),"Apr 16, 2008",8.7
Tom Clancy's Rainbow Six: Vegas 2 (PC),"Apr 15, 2008",7.3
Assassin's Creed: Director's Cut Edition (PC),"Apr 8, 2008",7.5
Silent Hunter: Wolves of the Pacific U-Boat Missions (PC),"Mar 24, 2008",tbd
Tom Clancy's Rainbow Six Vegas 2 (PS3),"Mar 18, 2008",7.9
Tom Clancy's Rainbow Six Vegas 2 (X360),"Mar 18, 2008",7.8
Petz: Bunnyz (DS),"Mar 5, 2008",tbd
Anno 1701: Dawn of Discovery (DS),"Mar 4, 2008",7.4
Imagine: Figure Skater (DS),"Mar 4, 2008",tbd
Tom Clancy's Chronicles (PC),"Mar 3, 2008",7.9
Lost: Via Domus (PC),"Feb 26, 2008",6.1
Lost: Via Domus (PS3),"Feb 26, 2008",6.5
Lost: Via Domus (X360),"Feb 26, 2008",6.4
Petz Wild Animals: Tigerz (DS),"Feb 26, 2008",tbd
Totally Spies! Totally Party (PC),"Feb 14, 2008",tbd
Dark Messiah of Might and Magic: Elements (X360),"Feb 12, 2008",7.0
Chessmaster: The Art of Learning (PSP),"Feb 12, 2008",8.4
Assassin's Creed: Altair's Chronicles (DS),"Feb 5, 2008",6.1
Real Soccer 2008 (DS),"Feb 5, 2008",tbd
Puppy Palace (DS),"Feb 5, 2008",tbd
Chessmaster LIVE (X360),"Jan 30, 2008",6.9
No More Heroes (WII),"Jan 22, 2008",8.4
CSI: Crime Scene Investigation: Hard Evidence (WII),"Jan 15, 2008",6.3
Nitrobike (WII),"Jan 15, 2008",7.1
Miami Nights: Singles in the City (DS),"Jan 15, 2008",7.1
Nitrobike (PS2),"Jan 15, 2008",tbd
Brain Challenge (DS),"Jan 8, 2008",7.0
Beowulf: The Game (PSP),"Dec 4, 2007",5.4
Cranium Kabookii (WII),"Dec 4, 2007",5.4
Petz: Hamsterz 2 (DS),"Nov 23, 2007",tbd
Petz: Dogz 2 (PS2),"Nov 23, 2007",tbd
CSI: Crime Scene Investigation: Dark Motives (DS),"Nov 20, 2007",6.7
Imagine Fashion Designer (PC),"Nov 19, 2007",tbd
Rayman Raving Rabbids 2 (WII),"Nov 15, 2007",8.3
America's Army: True Soldiers (X360),"Nov 15, 2007",6.7
Petz: Catz 2 (PC),"Nov 15, 2007",tbd
Petz: Horsez 2 (PC),"Nov 15, 2007",tbd
Petz: Horsez 2 (DS),"Nov 14, 2007",tbd
Petz: Horsez 2 (WII),"Nov 14, 2007",tbd
Petz: Catz 2 (WII),"Nov 14, 2007",6.5
Petz: Dogz 2 (WII),"Nov 14, 2007",tbd
Petz: Catz 2 (DS),"Nov 14, 2007",7.6
Petz: Dogz 2 (DS),"Nov 14, 2007",tbd
Petz: Horsez 2 (PS2),"Nov 14, 2007",tbd
Petz: Catz 2 (PS2),"Nov 14, 2007",tbd
Assassin's Creed (PS3),"Nov 13, 2007",7.3
Assassin's Creed (X360),"Nov 13, 2007",7.7
Beowulf: The Game (PC),"Nov 13, 2007",5.2
Rayman Raving Rabbids 2 (DS),"Nov 13, 2007",6.9
Beowulf: The Game (X360),"Nov 13, 2007",4.7
Beowulf: The Game (PS3),"Nov 13, 2007",4.9
Petz: Dogz 2 (PC),"Nov 13, 2007",tbd
Petz: Hamsterz Life 2 (DS),"Nov 13, 2007",tbd
Blazing Angels 2: Secret Missions of WWII (PS3),"Nov 6, 2007",7.2
My Word Coach (DS),"Nov 6, 2007",6.8
My Word Coach (WII),"Nov 6, 2007",tbd
My Spanish Coach (DS),"Nov 6, 2007",tbd
My French Coach (DS),"Nov 6, 2007",tbd
Naruto: Rise of a Ninja (X360),"Oct 30, 2007",8.5
Chessmaster: Grandmaster Edition (PC),"Oct 30, 2007",7.1
Chessmaster: The Art of Learning (DS),"Oct 23, 2007",6.7
Imagine: Fashion Designer (DS),"Oct 23, 2007",7.6
Imagine: Animal Doctor (DS),"Oct 23, 2007",7.4
Imagine: Babyz (DS),"Oct 23, 2007",7.7
Imagine: Master Chef (DS),"Oct 23, 2007",tbd
Heroes of Might and Magic V: Tribes of the East (PC),"Oct 16, 2007",8.7
Petz Wild Animals: Dolphinz (DS),"Oct 16, 2007",tbd
CSI: Crime Scene Investigation: Hard Evidence (X360),"Sep 26, 2007",5.4
CSI: Crime Scene Investigation: 3 Dimensions of Murder (PS2),"Sep 25, 2007",tbd
The Settlers: Rise of an Empire (PC),"Sep 25, 2007",7.4
CSI: Crime Scene Investigation: Hard Evidence (PC),"Sep 25, 2007",5.8
Brain Spa (PC),"Sep 25, 2007",tbd
Blazing Angels 2: Secret Missions of WWII (PC),"Sep 21, 2007",4.9
Cosmic Family (WII),"Sep 18, 2007",6.0
Blazing Angels 2: Secret Missions of WWII (X360),"Sep 18, 2007",7.8
Jam Sessions (DS),"Sep 11, 2007",5.3
Tom Clancy's Ghost Recon Advanced Warfighter 2 (PS3),"Aug 23, 2007",7.7
Tom Clancy's Ghost Recon Advanced Warfighter 2 (PSP),"Aug 23, 2007",5.8
The Settlers (DS),"Aug 21, 2007",5.4
Tom Clancy's Ghost Recon Advanced Warfighter 2 (PC),"Jul 17, 2007",7.2
Platinum Sudoku (DS),"Jul 3, 2007",tbd
Tom Clancy's Rainbow Six Vegas (PS3),"Jun 26, 2007",7.6
Driver: Parallel Lines (PC),"Jun 26, 2007",6.2
Driver: Parallel Lines (WII),"Jun 26, 2007",6.0
Brothers In Arms DS (DS),"Jun 21, 2007",8.0
Prince of Persia Classic (X360),"Jun 13, 2007",7.1
Call of Juarez (PC),"Jun 12, 2007",7.7
Tom Clancy's Rainbow Six Vegas (PSP),"Jun 12, 2007",7.1
Call of Juarez (X360),"Jun 7, 2007",7.0
Surf's Up (PC),"Jun 1, 2007",tbd
Surf's Up (GC),"Jun 1, 2007",tbd
Surf's Up (DS),"May 30, 2007",7.0
Surf's Up (PS2),"May 30, 2007",tbd
Surf's Up (PS3),"May 30, 2007",5.1
Surf's Up (PSP),"May 30, 2007",tbd
Surf's Up (WII),"May 30, 2007",tbd
Surf's Up (X360),"May 30, 2007",6.1
Surf's Up (GBA),"May 30, 2007",tbd
WarTech: Senko no Ronde (X360),"May 29, 2007",6.1
Resident Evil 4 (PC),"May 15, 2007",7.4
Driver '76 (PSP),"May 8, 2007",7.7
Rayman Raving Rabbids (X360),"Apr 24, 2007",7.6
Prince of Persia: Rival Swords (WII),"Apr 3, 2007",7.7
Prince of Persia Rival Swords (PSP),"Apr 3, 2007",8.3
Enchanted Arms (PS3),"Apr 3, 2007",6.0
Tom Clancy's Splinter Cell Double Agent (PS3),"Mar 30, 2007",6.4
Silent Hunter: Wolves of the Pacific (PC),"Mar 20, 2007",7.1
TMNT (X360),"Mar 20, 2007",6.5
TMNT (PC),"Mar 20, 2007",7.0
Blazing Angels: Squadrons of WWII (WII),"Mar 20, 2007",6.8
TMNT (WII),"Mar 20, 2007",5.9
TMNT (PS2),"Mar 20, 2007",5.6
TMNT (PSP),"Mar 20, 2007",4.0
TMNT (DS),"Mar 20, 2007",3.1
Petz Vet (PC),"Mar 20, 2007",tbd
Mind Quiz: Your Brain Coach (PC),"Mar 20, 2007",tbd
TMNT (GC),"Mar 20, 2007",tbd
TMNT (GBA),"Mar 20, 2007",6.4
Teenage Mutant Ninja Turtles: 1989 Classic Arcade (X360),"Mar 14, 2007",7.4
IL-2 Sturmovik: 1946 (PC),"Mar 13, 2007",8.8
Rocky Balboa (PSP),"Mar 13, 2007",6.6
Mind Quiz: Your Brain Coach (DS),"Mar 13, 2007",tbd
Rayman Raving Rabbids (DS),"Mar 6, 2007",6.8
Tom Clancy's Ghost Recon Advanced Warfighter 2 (X360),"Mar 6, 2007",7.9
Rainbow Six Collector Edition (PC),2007,tbd
Splinter Cell Collector Edition (PC),2007,tbd
Star Wars: Lethal Alliance (DS),"Dec 14, 2006",tbd
Tom Clancy's Rainbow Six: Vegas (PC),"Dec 12, 2006",7.7
Far Cry Vengeance (WII),"Dec 12, 2006",5.3
Blazing Angels: Squadrons of WWII (PS3),"Dec 12, 2006",6.8
Rayman Raving Rabbids (PC),"Dec 11, 2006",7.4
Star Wars: Lethal Alliance (PSP),"Dec 7, 2006",6.9
Brothers in Arms: D-Day (PSP),"Dec 5, 2006",8.6
Rayman Raving Rabbids (PS2),"Dec 5, 2006",7.2
Open Season (WII),"Nov 30, 2006",5.6
Catz (DS),"Nov 30, 2006",5.3
Hamsterz Life (DS),"Nov 28, 2006",8.0
Horsez (DS),"Nov 28, 2006",8.1
Tom Clancy's Splinter Cell Double Agent (WII),"Nov 28, 2006",7.4
Dogz (DS),"Nov 22, 2006",7.8
Tom Clancy's Rainbow Six Vegas (X360),"Nov 20, 2006",8.3
Red Steel (WII),"Nov 19, 2006",6.8
Monster 4X4: World Circuit (WII),"Nov 19, 2006",7.8
Horsez (PC),"Nov 16, 2006",7.9
Rayman Raving Rabbids (WII),"Nov 14, 2006",7.8
GT Pro Series (WII),"Nov 14, 2006",4.0
Catz (PC),"Nov 14, 2006",tbd
Dogz (PC),"Nov 14, 2006",7.0
Asphalt: Urban GT 2 (DS),"Nov 14, 2006",7.1
Heroes of Might and Magic V: Hammers of Fate (PC),"Nov 14, 2006",8.3
Horsez (PS2),"Nov 14, 2006",7.7
Rayman Raving Rabbids (GBA),"Nov 14, 2006",6.6
Tom Clancy's Splinter Cell: Double Agent (PC),"Nov 7, 2006",5.8
Mind Quiz (PSP),"Oct 31, 2006",tbd
Tom Clancy's Splinter Cell Double Agent (GC),"Oct 26, 2006",7.1
Tom Clancy's Splinter Cell Double Agent (PS2),"Oct 24, 2006",8.6
Dark Messiah of Might and Magic (PC),"Oct 24, 2006",8.7
Tom Clancy's Splinter Cell Double Agent (XBOX),"Oct 24, 2006",8.1
Tom Clancy's Splinter Cell Double Agent (X360),"Oct 17, 2006",8.1
Devil May Cry 3: Special Edition (PC),"Oct 16, 2006",8.2
Import Tuner Challenge (X360),"Sep 26, 2006",7.7
Open Season (X360),"Sep 19, 2006",7.3
Open Season (PC),"Sep 19, 2006",8.2
Open Season (DS),"Sep 19, 2006",tbd
Open Season (PS2),"Sep 19, 2006",tbd
Open Season (PSP),"Sep 19, 2006",tbd
Open Season (XBOX),"Sep 19, 2006",tbd
Open Season (GC),"Sep 19, 2006",tbd
Open Season (GBA),"Sep 19, 2006",7.6
Dogz Fashion (GBA),"Sep 19, 2006",8.0
Faces of War (PC),"Sep 12, 2006",8.5
Enchanted Arms (X360),"Aug 29, 2006",6.7
Over G Fighters (X360),"Jun 27, 2006",6.2
Champion Dreams: First to Ride (PC),"Jun 15, 2006",tbd
And 1 Streetball (PS2),"Jun 6, 2006",8.9
Astonishia Story (PSP),"Jun 6, 2006",5.2
And 1 Streetball (XBOX),"Jun 6, 2006",7.9
Heroes of Might and Magic V (PC),"May 23, 2006",8.0
Tom Clancy's Ghost Recon Advanced Warfighter (PC),"May 3, 2006",7.7
Paradise (2006) (PC),"May 3, 2006",8.5
Wild Earth: Photo Safari (PC),"May 2, 2006",6.7
Lost Magic (DS),"Apr 25, 2006",8.1
Ultimate Flight Collection (PC),"Apr 18, 2006",tbd
Tom Clancy's Ghost Recon Advanced Warfighter (PS2),"Mar 28, 2006",4.5
Far Cry Instincts Predator (X360),"Mar 28, 2006",6.2
Blazing Angels: Squadrons of WWII (PC),"Mar 28, 2006",4.6
Far Cry Instincts Evolution (XBOX),"Mar 28, 2006",6.3
Blazing Angels: Squadrons of WWII (X360),"Mar 23, 2006",8.0
Blazing Angels: Squadrons of WWII (XBOX),"Mar 23, 2006",7.0
Monster 4X4: World Circuit (XBOX),"Mar 23, 2006",tbd
Catz (GBA),"Mar 22, 2006",7.9
Tom Clancy's Splinter Cell Essentials (PSP),"Mar 21, 2006",7.3
Go! Sudoku (PSP),"Mar 21, 2006",5.3
Onimusha 3: Demon Siege (PC),"Mar 16, 2006",8.1
CSI: Crime Scene Investigation: 3 Dimensions of Murder (PC),"Mar 14, 2006",7.5
Tom Clancy's Rainbow Six Critical Hour (XBOX),"Mar 14, 2006",3.6
Tom Clancy's Ghost Recon Advanced Warfighter (X360),"Mar 9, 2006",7.9
Tom Clancy's Ghost Recon Advanced Warfighter (XBOX),"Mar 9, 2006",6.0
Tom Clancy's Rainbow Six: Lockdown (PC),"Feb 16, 2006",6.3
Drakengard 2 (PS2),"Feb 14, 2006",6.5
Exit (PSP),"Feb 14, 2006",7.6
Peter Jackson's King Kong: The Official Game of the Movie (PSP),"Dec 20, 2005",6.4
Prince of Persia Revelations (PSP),"Dec 6, 2005",8.0
Battles of Prince of Persia (DS),"Dec 6, 2005",7.7
Prince of Persia: The Two Thrones (PS2),"Dec 1, 2005",8.5
Prince of Persia: The Two Thrones (PC),"Dec 1, 2005",8.0
Prince of Persia: The Two Thrones (XBOX),"Dec 1, 2005",8.4
Prince of Persia: The Two Thrones (GC),"Dec 1, 2005",7.8
Peter Jackson's King Kong: The Official Game of the Movie (PS2),"Nov 21, 2005",8.4
Peter Jackson's King Kong: The Official Game of the Movie (PC),"Nov 21, 2005",7.6
Peter Jackson's King Kong: The Official Game of the Movie (DS),"Nov 21, 2005",3.2
Peter Jackson's King Kong: The Official Game of the Movie (X360),"Nov 21, 2005",7.6
Peter Jackson's King Kong: The Official Game of the Movie (XBOX),"Nov 21, 2005",8.6
Peter Jackson's King Kong: The Official Game of the Movie (GC),"Nov 21, 2005",8.3
Kong: The 8th Wonder of the World (GBA),"Nov 21, 2005",8.5
America's Army: Rise of a Soldier (XBOX),"Nov 17, 2005",7.4
Dogz (GBA),"Nov 17, 2005",6.3
Flow: Urban Dance Uprising (PS2),"Nov 15, 2005",tbd
Trollz: Hair Affair! (GBA),"Nov 1, 2005",tbd
Brothers in Arms: Earned in Blood (PS2),"Oct 26, 2005",7.9
Heroes of the Pacific (PC),"Oct 25, 2005",7.0
Brothers in Arms: Earned in Blood (XBOX),"Oct 6, 2005",8.6
Brothers in Arms: Earned in Blood (PC),"Oct 4, 2005",7.3
Heroes of the Pacific (PS2),"Sep 28, 2005",8.4
Heroes of the Pacific (XBOX),"Sep 28, 2005",8.6
Lunar: Dragon Song (DS),"Sep 27, 2005",6.2
Far Cry Instincts (XBOX),"Sep 27, 2005",5.7
Tom Clancy's Rainbow Six: Lockdown (GC),"Sep 27, 2005",7.8
Myst V: End of Ages (PC),"Sep 19, 2005",7.7
Tom Clancy's Rainbow Six: Lockdown (PS2),"Sep 6, 2005",6.9
Tom Clancy's Rainbow Six: Lockdown (XBOX),"Sep 6, 2005",6.6
Rayman: 10th Anniversary Collection (PC),"Sep 5, 2005",tbd
187 Ride or Die (XBOX),"Aug 24, 2005",6.9
187 Ride or Die (PS2),"Aug 23, 2005",7.0
Tom Clancy's Ghost Recon 2 Summit Strike (XBOX),"Aug 2, 2005",7.2
Lock On: Modern Air Combat (PC),"Jul 26, 2005",7.5
Tom Clancy's Splinter Cell: Chaos Theory (DS),"Jun 28, 2005",7.1
Bomberman (DS),"Jun 21, 2005",7.3
Tom Clancy's Rainbow Six 3: Iron Wrath (PC),"Jun 10, 2005",tbd
Cold Fear (PC),"May 17, 2005",7.6
Star Wars Episode III: Revenge of the Sith (DS),"May 4, 2005",7.8
Star Wars Episode III: Revenge of the Sith (GBA),"May 4, 2005",7.8
Tom Clancy's Splinter Cell Chaos Theory (GC),"Mar 31, 2005",8.1
Myst IV: Revelation (XBOX),"Mar 29, 2005",tbd
Tom Clancy's Splinter Cell: Chaos Theory (PC),"Mar 28, 2005",8.7
Tom Clancy's Splinter Cell Chaos Theory (PS2),"Mar 28, 2005",8.5
Tom Clancy's Splinter Cell Chaos Theory (XBOX),"Mar 28, 2005",8.9
Rayman DS (DS),"Mar 24, 2005",7.6
Lumines (PSP),"Mar 22, 2005",6.7
Silent Hunter III (PC),"Mar 15, 2005",7.7
Brothers in Arms: Road to Hill 30 (PC),"Mar 15, 2005",7.2
Brothers in Arms: Road to Hill 30 (PS2),"Mar 15, 2005",7.6
Cold Fear (PS2),"Mar 15, 2005",7.9
Tom Clancy's Ghost Recon 2 (GC),"Mar 15, 2005",1.4
Cold Fear (XBOX),"Mar 15, 2005",7.7
Rayman: Hoodlum's Revenge (GBA),"Mar 15, 2005",7.2
Brothers in Arms: Road to Hill 30 (XBOX),"Mar 1, 2005",8.0
Heritage of Kings: The Settlers (PC),"Feb 24, 2005",5.9
Disney's Winnie the Pooh's Rumbly Tumbly Adventure (PS2),"Feb 8, 2005",tbd
Winnie the Pooh's Rumbly Tumbly Adventure (GC),"Feb 8, 2005",tbd
Winnie the Pooh's Rumbly Tumbly Adventure (GBA),"Feb 8, 2005",tbd
CSI: Crime Scene Investigation Double Pack (PC),"Feb 1, 2005",tbd
Tom Clancy's Splinter Cell: Espionage Pack (PC),"Feb 1, 2005",tbd
Petz: Dogz 5 / Catz 5 (PC),"Jan 15, 2005",tbd
Tork: Prehistoric Punk (XBOX),"Jan 12, 2005",6.2
CSI: Crime Scene Investigation (XBOX),"Dec 14, 2004",7.3
Sprung (DS),"Dec 8, 2004",5.8
Shadowbane: Throne of Oblivion (PC),"Dec 7, 2004",tbd
Prince of Persia: Warrior Within (PS2),"Nov 30, 2004",8.5
Prince of Persia: Warrior Within (PC),"Nov 30, 2004",8.5
Tom Clancy's Ghost Recon 2 (PS2),"Nov 30, 2004",5.7
Prince of Persia: Warrior Within (XBOX),"Nov 30, 2004",7.5
Prince of Persia: Warrior Within (GC),"Nov 30, 2004",7.8
Alexander (PC),"Nov 23, 2004",6.4
Asphalt: Urban GT (DS),"Nov 17, 2004",7.6
CSI: Miami (PC),"Nov 16, 2004",7.3
Tom Clancy's Ghost Recon 2 (XBOX),"Nov 16, 2004",8.9
Tom Clancy's Classic Trilogy (XBOX),"Nov 16, 2004",tbd
Pacific Fighters (PC),"Oct 26, 2004",7.5
Chessmaster (XBOX),"Oct 26, 2004",8.3
Ape Escape: Pumped & Primed (PS2),"Oct 20, 2004",6.6
The Dukes of Hazzard: Return of the General Lee (PS2),"Sep 28, 2004",6.8
Rocky: Legends (PS2),"Sep 28, 2004",8.6
Sherlock Holmes: The Silver Earring (PC),"Sep 28, 2004",6.8
Rocky: Legends (XBOX),"Sep 28, 2004",5.2
The Dukes of Hazzard: Return of the General Lee (XBOX),"Sep 28, 2004",7.0
Star Wars Trilogy: Apprentice of the Force (GBA),"Sep 21, 2004",tbd
Advance Guardian Heroes (GBA),"Sep 14, 2004",tbd
The Political Machine (PC),"Aug 12, 2004",5.4
Chessmaster 10th Edition (PC),"Aug 12, 2004",7.5
Tom Clancy's Rainbow Six 3: Black Arrow (XBOX),"Aug 4, 2004",8.1
Tom Clancy's Splinter Cell Pandora Tomorrow (GC),"Jul 20, 2004",8.1
Uru: The Path of the Shell (PC),"Jul 7, 2004",7.0
Myst: Uru Complete Chronicles (PC),"Jul 7, 2004",8.8
Tom Clancy's Rainbow Six 3 (GC),"Jun 17, 2004",8.2
Tom Clancy's Splinter Cell Pandora Tomorrow (PS2),"Jun 16, 2004",8.5
Tom Clancy's Rainbow Six 3 (PS2),"Mar 24, 2004",8.1
Tom Clancy's Splinter Cell Pandora Tomorrow (GBA),"Mar 24, 2004",6.2
Far Cry (PC),"Mar 23, 2004",8.0
Tom Clancy's Splinter Cell: Pandora Tomorrow (PC),"Mar 23, 2004",7.9
CSI: Crime Scene Investigation: Dark Motives (PC),"Mar 23, 2004",7.7
Tom Clancy's Splinter Cell Pandora Tomorrow (XBOX),"Mar 23, 2004",8.6
Tom Clancy's Ghost Recon: Jungle Storm (PS2),"Mar 16, 2004",6.3
Tom Clancy's Rainbow Six 3: Athena Sword (PC),"Mar 9, 2004",7.4
Tom Clancy's Rainbow Six 3 Gold Edition (PC),"Mar 9, 2004",tbd
IL-2 Sturmovik: Forgotten Battles - Ace (PC),"Mar 2, 2004",8.4
IL-2 Sturmovik: Forgotten Battles - Gold Pack (PC),"Mar 2, 2004",tbd
Beyond Good & Evil (GC),"Dec 11, 2003",8.4
Monster 4x4: Masters of Metal (GC),"Dec 10, 2003",tbd
Shadowbane: The Rise of Chaos (PC),"Dec 9, 2003",5.3
Tom Clancy's Counter-Terrorism Classics Pack (PC),"Dec 9, 2003",tbd
"Crouching Tiger, Hidden Dragon (XBOX)","Dec 9, 2003",tbd
Puzzle Pirates (PC),"Dec 8, 2003",8.5
Prince of Persia: The Sands of Time (PC),"Dec 2, 2003",8.6
Beyond Good & Evil (XBOX),"Dec 2, 2003",8.3
Monster 4x4: Masters of Metal (PS2),"Nov 25, 2003",8.3
XIII (GC),"Nov 24, 2003",7.6
XIII (XBOX),"Nov 24, 2003",8.1
Beyond Good & Evil (PC),"Nov 19, 2003",8.7
XIII (PS2),"Nov 18, 2003",8.5
XIII (PC),"Nov 18, 2003",7.7
Mucha Lucha! Mascaritas of the Lost Code (GBA),"Nov 18, 2003",4.3
Prince of Persia: The Sands of Time (GC),"Nov 18, 2003",8.2
Myst 10th Anniversary Collection (PC),"Nov 13, 2003",tbd
Prince of Persia: The Sands of Time (XBOX),"Nov 12, 2003",7.7
Uru: Ages Beyond Myst (PC),"Nov 11, 2003",7.3
Beyond Good & Evil (PS2),"Nov 11, 2003",8.9
Batman: Rise of Sin Tzu (GC),"Nov 11, 2003",tbd
Prince of Persia: The Sands of Time (PS2),"Nov 6, 2003",8.7
Prince of Persia: The Sands of Time (GBA),"Oct 30, 2003",8.8
Batman: Rise of Sin Tzu (GBA),"Oct 27, 2003",6.8
Warlords IV: Heroes of Etheria (PC),"Oct 21, 2003",7.4
Batman: Rise of Sin Tzu (PS2),"Oct 16, 2003",8.3
Batman: Rise of Sin Tzu (XBOX),"Oct 16, 2003",7.7
"Crouching Tiger, Hidden Dragon (PS2)","Oct 9, 2003",3.7
"Crouching Tiger, Hidden Dragon (GBA)","Oct 9, 2003",tbd
Tom Clancy's Ghost Recon: Island Thunder (XBOX),"Aug 6, 2003",8.8
Charlie's Angels (GC),"Jul 9, 2003",3.1
Ape Escape 2 (PS2),"Jun 30, 2003",8.4
City Racer (PC),"Jun 30, 2003",tbd
Will Rock (PC),"Jun 9, 2003",7.0
Chessmaster (PS2),"May 28, 2003",7.3
City Racer (GC),"Apr 29, 2003",6.3
Tom Clancy's Splinter Cell (GBA),"Apr 27, 2003",8.8
Tom Clancy's Splinter Cell (GC),"Apr 10, 2003",8.6
Tom Clancy's Splinter Cell (PS2),"Apr 8, 2003",7.8
CSI: Crime Scene Investigation (PC),"Mar 26, 2003",6.8
Shadowbane (PC),"Mar 25, 2003",7.5
Tom Clancy's Rainbow Six 3: Raven Shield (PC),"Mar 19, 2003",8.8
Rayman 3: Hoodlum Havoc (PC),"Mar 18, 2003",7.9
Rayman 3: Hoodlum Havoc (XBOX),"Mar 18, 2003",8.5
Rayman 3: Hoodlum Havoc (PS2),"Mar 17, 2003",8.8
Tom Clancy's Rainbow Six 3 (XBOX),"Mar 14, 2003",8.5
Bratz (GBA),"Mar 12, 2003",tbd
Murakumo: Renegade Mech Pursuit (XBOX),"Mar 5, 2003",7.5
IL-2 Sturmovik: Forgotten Battles (PC),"Mar 2, 2003",7.9
Rayman 3: Hoodlum Havoc (GC),"Mar 2, 2003",8.4
Rayman 3 (GBA),"Mar 2, 2003",7.5
Tom Clancy's Ghost Recon Gold Edition (PC),"Mar 1, 2003",tbd
Tom Clancy's Splinter Cell (PC),"Feb 19, 2003",8.5
Bust-A-Move 3000 (GC),"Feb 12, 2003",tbd
Disney's The Jungle Book (GBA),"Feb 11, 2003",tbd
Tom Clancy's Ghost Recon (GC),"Feb 9, 2003",5.4
Walt Disney's The Jungle Book: Rhythm N'Groove (PS2),"Feb 4, 2003",tbd
The Sum of All Fears (GC),"Jan 9, 2003",3.4
Worms Blast (PS2),"Jan 1, 2003",tbd
City Racer (PS2),Canceled,tbd
Monster Jam: Maximum Destruction (PC),"Dec 20, 2002",tbd
Lunar Legend (GBA),"Dec 8, 2002",7.8
Moto Racer Advance (GBA),"Dec 5, 2002",tbd
Disney's PK: Out of the Shadows (GC),"Dec 3, 2002",6.5
Evolution Worlds (GC),"Dec 2, 2002",8.0
Tom Clancy's Ghost Recon (PS2),"Dec 1, 2002",7.7
The Mummy (GBA),"Nov 20, 2002",tbd
The Sum of All Fears (GBA),"Nov 19, 2002",tbd
Dragon's Lair 3D: Return to the Lair (PC),"Nov 18, 2002",tbd
Rocky (PS2),"Nov 18, 2002",8.5
Dragon's Lair 3D (XBOX),"Nov 18, 2002",7.2
Dogz 5 (PC),"Nov 18, 2002",tbd
Rocky (XBOX),"Nov 17, 2002",7.1
Tom Clancy's Splinter Cell (XBOX),"Nov 17, 2002",8.6
Rocky (GC),"Nov 17, 2002",7.3
Rocky (GBA),"Nov 17, 2002",tbd
Tomb Raider: The Prophecy (GBA),"Nov 12, 2002",8.9
Tom Clancy's Ghost Recon (XBOX),"Nov 11, 2002",6.0
Pro Rally (GC),"Nov 11, 2002",tbd
Disney's PK: Out of the Shadows (PS2),"Nov 1, 2002",6.3
Worms World Party (GBA),"Oct 29, 2002",tbd
Worms Blast (GC),"Oct 24, 2002",tbd
Worms Blast (PC),"Oct 23, 2002",7.0
Deathrow (XBOX),"Oct 22, 2002",8.2
Conflict Zone (PS2),"Oct 19, 2002",7.4
Davis Cup Tennis (GBA),"Oct 14, 2002",tbd
Batman: Vengeance (PC),"Oct 8, 2002",7.0
Tom Clancy's Ghost Recon: Island Thunder (PC),"Sep 25, 2002",7.7
Rayman Arena (PS2),"Sep 24, 2002",7.9
Super Bust-A-Move 2 (PS2),"Sep 24, 2002",tbd
Rayman Arena (GC),"Sep 24, 2002",7.3
Rayman Arena (XBOX),"Sep 24, 2002",tbd
Myst III: Exile (PS2),"Sep 22, 2002",7.0
Myst III: Exile (XBOX),"Sep 22, 2002",tbd
Catz 5 (PC),"Sep 18, 2002",tbd
Colin McRae Rally 2.0 (GBA),"Sep 16, 2002",tbd
Sabrina the Teenage Witch: Potion Commotion (GBA),"Sep 6, 2002",2.8
Rayman Arena (PC),"Aug 31, 2002",7.2
Chessmaster 9000 (PC),"Aug 31, 2002",7.7
Chessmaster (GBA),"Aug 28, 2002",tbd
Worms Triple Pack (PC),"Jul 9, 2002",tbd
Monster Jam: Maximum Destruction (PS2),"Jun 13, 2002",6.0
The Sum of All Fears (PC),"May 28, 2002",7.2
Power Play: Sports Trivia (PS),"May 6, 2002",8.3
Alfred Hitchcock presents The Final Cut (PC),"Mar 31, 2002",6.8
Tom Clancy's Ghost Recon: Desert Siege (PC),"Mar 27, 2002",7.6
E.T. Away From Home (PC),"Mar 27, 2002",tbd
E.T. Phone Home Adventure (PC),"Mar 27, 2002",tbd
E.T. Interplanetary Mission (PC),"Mar 27, 2002",tbd
Monster Jam Maximum Destruction (GBA),"Mar 27, 2002",tbd
Flanker 2.5 (PC),"Mar 26, 2002",7.8
Rayman Rush (PS),"Mar 26, 2002",6.1
Hooters Road Trip (PS),"Mar 26, 2002",0.4
Hooters Road Trip (PC),"Mar 25, 2002",2.7
Myst Trilogy (PC),"Mar 25, 2002",tbd
Disney's Donald Duck: Goin' Quackers (GC),"Mar 25, 2002",3.0
Dark Planet: Battle for Natrolis (PC),"Mar 20, 2002",7.4
Ice Age (GBA),"Mar 18, 2002",tbd
Tom Clancy's Rainbow Six: Rogue Spear (GBA),"Mar 18, 2002",tbd
Warlords Battlecry II (PC),"Mar 11, 2002",7.8
Grandia II (PC),"Mar 10, 2002",7.9
Mike Tyson Boxing (GBA),"Mar 6, 2002",tbd
Destroyer Command (PC),"Feb 17, 2002",7.4
Grandia II (PS2),"Jan 28, 2002",8.8
Salt Lake 2002 (GBA),"Jan 19, 2002",tbd
Batman: Vengeance (XBOX),"Dec 18, 2001",5.4
Jade Cocoon 2 (PS2),"Dec 17, 2001",7.8
Capitalism II (PC),"Dec 16, 2001",8.8
Conflict Zone (DC),"Dec 15, 2001",7.4
American Bass Challenge (GBA),"Dec 5, 2001",tbd
The Legend of Alon D'ar (PS2),"Dec 4, 2001",6.7
Gunfighter: The Legend of Jesse James (PS),"Nov 30, 2001",tbd
Planet of the Apes (GBA),"Nov 30, 2001",tbd
Super Bust-A-Move (GBA),"Nov 27, 2001",tbd
IL-2 Sturmovik (PC),"Nov 18, 2001",8.7
Batman: Vengeance (GC),"Nov 17, 2001",5.8
Disney's Tarzan Untamed (GC),"Nov 17, 2001",7.4
Disney's Tarzan Untamed (PS2),"Nov 14, 2001",7.1
Tom Clancy's Ghost Recon (PC),"Nov 13, 2001",7.8
Conflict Zone (PC),"Oct 31, 2001",6.0
Tom Clancy's Rainbow Six Rogue Spear: Black Thorn (PC),"Oct 31, 2001",5.4
Batman: Vengeance (GBA),"Oct 30, 2001",tbd
Sunny Garcia Surfing (PS2),"Oct 22, 2001",7.9
Batman: Vengeance (PS2),"Oct 15, 2001",6.8
Pool of Radiance: Ruins of Myth Drannor (PC),"Sep 28, 2001",5.9
Planet of the Apes (PC),"Sep 19, 2001",4.2
Conquest: Frontier Wars (PC),"Aug 14, 2001",8.5
Dragonriders: Chronicles of Pern (PC),"Aug 13, 2001",5.8
Dragon Riders: Chronicles of Pern (DC),"Aug 9, 2001",tbd
The Settlers: Fourth Edition (PC),"Jul 30, 2001",6.7
Stupid Invaders (DC),"Jun 28, 2001",6.8
Rayman Advance (GBA),"Jun 10, 2001",8.4
Myst III: Exile (PC),"May 8, 2001",7.7
V.I.P. (PS),"Apr 1, 2001",5.2
Stupid Invaders (PC),"Feb 21, 2001",7.3
Rayman 2 Revolution (PS2),"Jan 30, 2001",8.4
Disney's Donald Duck Goin' Quackers (N64),"Dec 20, 2000",6.3
Gold and Glory: The Road to El Dorado (PC),"Dec 19, 2000",tbd
Gold and Glory:  The Road to El Dorado (PS),"Dec 19, 2000",tbd
Suzuki Alstare Extreme Racing (PC),"Dec 14, 2000",tbd
Disney's Donald Duck: Goin' Quackers (PS2),"Dec 13, 2000",7.6
Speed Devils Online Racing (DC),"Dec 13, 2000",8.1
Disney's Donald Duck: Goin' Quackers (DC),"Dec 13, 2000",8.4
Batman Beyond: Return of the Joker (N64),"Dec 13, 2000",2.3
Tom Clancy's Collector's Edition (PC),"Dec 7, 2000",tbd
Grandia II (DC),"Dec 6, 2000",8.6
POD: Speedzone (DC),"Dec 5, 2000",tbd
Disney's Dinosaur (DC),"Nov 24, 2000",tbd
Real Myst (PC),"Nov 14, 2000",7.8
Disney's Donald Duck: Goin' Quackers (PS),"Nov 14, 2000",7.9
realMyst (PC),"Nov 14, 2000",8.8
America's Cup Virtual Skipper (PC),"Oct 17, 2000",tbd
Disney's Dinosaur (PS),"Aug 29, 2000",tbd
Deep Fighter: The Tsunami Offense (DC),"Aug 22, 2000",7.0
Surf Riders (PS),"Aug 1, 2000",tbd
Tonic Trouble (PC),"Dec 6, 1999",tbd
Rayman 2: The Great Escape (PC),"Nov 5, 1999",8.9
Hype: The Time Quest (PC),"Oct 31, 1999",8.8
Rayman 2: The Great Escape (N64),"Oct 31, 1999",9.0
Shadow Company: Left For Dead (PC),"Sep 30, 1999",tbd
Seven Kingdoms II: The Fryhtan Wars (PC),"Jul 31, 1999",7.6
Monaco Grand Prix Racing Simulation 2 (PC),"Jun 17, 1999",tbd
Rayman Forever (PC),"May 31, 1999",8.8
S.C.A.R.S. (PC),"Nov 30, 1998",tbd
Redline Racer (PC),"Jul 31, 1998",tbd
Might and Magic 6-Pack Limited Edition (PC),"Apr 30, 1998",tbd
F1 Racing Simulation (PC),"Mar 31, 1998",tbd
Sub Culture (PC),"Nov 30, 1997",7.8
Street Racer (PC),"May 8, 1997",tbd
POD (PC),"Feb 28, 1997",5.0
Rayman (PC),"Apr 30, 1996",8.5
Speed Busters: American Highways (PC),1998,tbd
Infestation (PC),2000,tbd
Deep Fighter (PC),2000,tbd
Myst IV: Revelation (PC),2004,8.4
Ubisoft Action Adventure Collection (PC),September 2005,tbd
Asphalt: Urban GT 2 (PSP),Canceled,7.0
TMNT (PS3),Canceled,tbd
My Life Coach (DS),Canceled,tbd
Brainville (PC),TBA,tbd
Imagine Animal Doctor (PC),Canceled,tbd
Dogz 2008 (WII),Canceled,tbd
Petz: Monkeyz House (PC),Canceled,tbd
Arthur and the Revenge of Maltazard (DS),Canceled,tbd
Tom Clancy's Ghost Recon: Future Soldier (DS),Canceled,tbd
Tom Clancy's Ghost Recon: Future Soldier (PSP),Canceled,tbd
Dance on Broadway (DS),Canceled,tbd
Voodoo Dice (iOS),TBA,tbd
Tom Clancy's Rainbow Six Vegas (XBOX),Canceled,tbd
Assassin's Creed: Lost Legacy (3DS),Canceled,tbd
Brothers in Arms: Furious 4 (X360),Canceled,tbd
Brothers in Arms: Furious 4 (PS3),Canceled,tbd
Brothers in Arms: Furious 4 (PC),Canceled,tbd
Tom Clancy's Ghost Recon Phantoms (WIIU),Canceled,tbd
Rayman Gold (PC),1997,tbd
No More Heroes (iOS),TBA,tbd
Haste (PS3),Canceled,tbd
Haste (X360),Canceled,tbd
Tom Clancy's Rainbow 6 Patriots (X360),Canceled,tbd
Tom Clancy's Rainbow 6 Patriots (PS3),Canceled,tbd
Tom Clancy's Rainbow 6 Patriots (PC),Canceled,tbd
Funky Barn (PS3),Canceled,tbd
POD Gold (PC),1997,tbd
My Spanish Coach (WII),Canceled,tbd
Tom Clancy's Rainbow 6 Patriots (XONE),Canceled,tbd
Tom Clancy's Rainbow 6 Patriots (PS4),Canceled,tbd
Poptropica: Forgotten Islands (iOS),TBA,tbd
Far Cry Add-On (PC),Canceled,tbd
Cloudberry Kingdom (VITA),Canceled,tbd
Haze (PC),Canceled,tbd
Haze (X360),Canceled,tbd
Tom Clancy's Ghost Recon 2 (PC),Canceled,tbd
F1 Racing Championship (PC),Canceled,tbd
Tom Clancy's Ghost Recon Advanced Warfighter 2 (WII),Canceled,tbd
Secrets of the Luxor (PC),1996,tbd
Tetris Ultimate (PS3),Q3 2014,tbd
Tetris Ultimate (X360),Q3 2014,tbd
The Settlers - Kingdoms of Anteria (PC),TBA,tbd
The Hasbro Game Channel (XONE),TBA,tbd
The Hasbro Game Channel (X360),TBA,tbd
The Hasbro Game Channel (PS4),TBA,tbd
The Hasbro Game Channel (PS3),TBA,tbd
Larry Bond's Harpoon 4 (PC),Canceled,tbd
V.I.P. (PC),Canceled,tbd
Free Wheelin' USA (PC),Q2 2002,tbd
Dig Rush (iOS),TBA,tbd
Batman Racing (PC),Canceled,tbd
Alex Ferguson's Player Manager 2003 (PC),2003,tbd
Grow Up (WIIU),TBA,tbd
Arcatera (PC),Canceled,tbd
Steep (Switch),Canceled,tbd
POD: Back to Hell (PC),1997,tbd
Beyond Good and Evil 2 (PS4),TBA,tbd
Beyond Good and Evil 2 (XONE),TBA,tbd
Skull & Bones (PC),TBA 2019,tbd
Skull & Bones (PS4),TBA 2019,tbd
Skull & Bones (XONE),TBA 2019,tbd
Space Junkies (PC),TBA 2019,tbd
Killing Day (PS3),Canceled,tbd
Killing Day (X360),Canceled,tbd
Anno 1800 (PC),Q4 2018,tbd
The Adventures of Valdo & Marie (PC),1997,tbd
Just Dance 2018 (PC),TBA,tbd
Avatar Project (PC),TBA,tbd
Steep: Winter Games Edition (PC),TBA,tbd
Alex Builds His Farm (PC),1999,tbd
The Settlers (PC),Q4 2019,tbd
Assassin's Creed III Remastered (PS4),March 2019,tbd
Assassin's Creed III Remastered (XONE),March 2019,tbd
Assassin's Creed III Remastered (PC),March 2019,tbd
Assassin's Creed Odyssey: Story Arc 1 - Legacy of the First Blade (PS4),December 2018,tbd
Assassin's Creed Odyssey: Story Arc 1 - Legacy of the First Blade (XONE),December 2018,tbd
Assassin's Creed Odyssey: Story Arc 1 - Legacy of the First Blade (PC),December 2018,tbd
Assassin's Creed Odyssey: Story Arc II - The Fate of Atlantis (PS4),Q2 2019,tbd
Assassin's Creed Odyssey: Story Arc II - The Fate of Atlantis (PC),Q2 2019,tbd
Assassin's Creed Odyssey: Story Arc II - The Fate of Atlantis (XONE),Q2 2019,tbd
